,Accident_Date,Accident_Time,LONGITUDE,LATITUDE,AStreet,BStreet,FatalInjuries,MajorInjuries,Involving,Nearest_Intersection,SPD,LEN,ACC,VOL,F85th,LOCAL,F50th,Accident,Unnamed: 0,Precip,Air max,min,obs
0,2014-08-10,11,37.2367282,-121.8396426,BLOSSOM AV,SANTA TERESA BL,0,0,0,BLOSSOM AV & SANTA TERESA BL,35,4950.0,22.0,10200.0,40.0,0,36.5,0,0.0,0.0,83,59,71.0
1,2014-08-10,14,37.339710100000005,-121.88990659999999,THIRD ST,JULIAN ST,0,0,0,THIRD ST & JULIAN ST,30,3600.0,26.0,3100.0,31.0,0,28.7,0,330.0,0.0,83,59,71.0
2,2013-09-22,18,37.29363370000001,-122.01496019999999,MILLER AV,PROSPECT RD,0,0,0,MILLER AV & PROSPECT RD,35,6150.0,21.0,8300.0,39.0,0,35.0,0,1.0,0.02,82,57,69.5
3,2014-08-13,13,37.381073,-121.91675990000002,CHARCOT AV,ZANKER RD,0,0,0,CHARCOT AV & ZANKER RD,35,3940.0,4.0,7600.0,36.0,0,33.0,0,2.0,0.0,83,59,71.0
4,2014-02-08,2,37.294436100000006,-121.9136179,HAMILTON AV,MERIDIAN AV,0,0,0,HAMILTON AV & MERIDIAN AV,35,2700.0,24.0,14550.0,38.0,0,35.0,0,3.0,0.13,60,45,52.5
5,2015-02-28,0,37.4008033,-121.89822290000001,FORTUNE DR,RINGWOOD AV,0,0,0,FORTUNE DR & RINGWOOD AV,35,2730.0,3.0,1450.0,39.0,0,35.0,0,4.0,0.04,65,46,55.5
6,2016-03-06,15,37.2148343,-121.867204,BOSE LN,HAMPTON DR,0,0,0,BOSE LN & HAMPTON DR,25,2380.0,0.0,1300.0,29.5,0,25.5,0,5.0,0.11,65,46,55.5
7,2015-08-04,20,37.3036263,-121.8610665,TULLY RD,MONTEREY RD,0,0,0,TULLY RD & MONTEREY RD,40,17800.0,240.0,40700.0,42.3,0,38.0,0,6.0,0.0,82,59,70.5
8,2016-03-02,9,37.2934302,-121.90493070000001,PINE AV,HICKS AV,0,0,0,PINE AV & HICKS AV,30,2000.0,3.0,10800.0,33.0,0,30.0,0,7.0,0.12,64,47,55.5
9,2016-03-02,15,37.2832929,-121.9944001,BUCKNALL RD,QUITO RD,0,0,0,BUCKNALL RD & QUITO RD,30,5100.0,10.0,5000.0,32.5,0,29.5,0,162.0,0.12,64,47,55.5
10,2016-07-07,13,37.3732245,-121.90771950000001,JUNCTION AV,ROGERS AV,0,0,0,JUNCTION AV & ROGERS AV,30,1150.0,1.0,2800.0,34.0,0,30.0,0,8.0,0.0,83,57,70.0
11,2016-07-07,23,37.38276810000001,-121.92518030000001,COMPONENT DR,FIRST ST,0,0,0,COMPONENT DR & FIRST ST,35,1560.0,1.0,3200.0,37.0,0,32.0,0,64.0,0.0,83,57,70.0
12,2016-07-07,6,37.3991008,-121.9398465,RIVER OAKS PW,FIRST ST,0,0,0,RIVER OAKS PW & FIRST ST,35,7600.0,8.0,6500.0,38.0,0,32.7,0,290.0,0.0,83,57,70.0
13,2013-01-08,18,37.3831144,-121.85658059999999,PENITENCIA CREEK RD,CAPITOL AV,0,0,0,PENITENCIA CREEK RD & CAPITOL AV,35,5050.0,19.0,7800.0,38.5,0,35.0,0,9.0,0.03,59,43,51.0
14,2015-10-10,3,37.274337100000004,-121.86039129999999,NARVAEZ AV,CAPITOL EX,0,0,0,NARVAEZ AV & CAPITOL EX,35,2300.0,28.0,12100.0,39.0,0,35.0,0,10.0,0.03,77,53,65.0
15,2014-02-17,11,37.36342,-121.91287790000001,SONORA AV (L),GUADALUPE PW,0,0,0,SONORA AV (L) & GUADALUPE PW,25,1760.0,2.0,4000.0,31.0,1,25.0,0,11.0,0.17,63,47,55.0
16,2016-06-11,0,37.412397799999994,-121.93701999999999,TASMAN DR,ZANKER RD,0,0,0,TASMAN DR & ZANKER RD,40,2600.0,11.0,14500.0,42.0,0,36.0,0,12.0,0.0,77,55,66.0
17,2017-08-01,6,37.3279153,-121.93201599999999,NAGLEE AV,BASCOM AV,0,0,0,NAGLEE AV & BASCOM AV,35,5040.0,19.0,11900.0,38.0,0,34.5,0,13.0,0.0,83,58,70.5
18,2017-10-21,19,37.3353685,-121.89661670000001,ST JOHN ST,ALMADEN BL,0,0,0,ST JOHN ST & ALMADEN BL,20,6890.0,39.0,3000.0,25.5,0,22.0,0,14.0,0.02,73,53,63.0
19,2013-08-08,15,37.2788526,-121.985808,VANDERBILT DR (L),VILLANOVA RD,0,0,0,VANDERBILT DR (L) & VILLANOVA RD,25,2650.0,2.0,950.0,31.0,1,25.0,0,15.0,0.0,85,60,72.5
20,2016-04-26,9,37.3187249,-121.7606636,GURDWARA AV,ABORN RD,0,0,0,GURDWARA AV & ABORN RD,35,4050.0,9.0,2700.0,39.0,0,35.5,0,16.0,0.0,73,50,61.5
21,2017-05-16,10,37.36580429999999,-121.86978459999999,MABURY RD (L),WHITE RD,0,0,0,MABURY RD (L) & WHITE RD,25,1900.0,9.0,2200.0,32.0,1,25.0,0,17.0,0.06,74,52,63.0
22,2014-06-01,6,37.29000509999999,-121.8978028,COTTLE AV (SCHOOL ZONE),CURTNER AV,0,0,0,COTTLE AV (SCHOOL ZONE) & CURTNER AV,15,2200.0,4.0,3500.0,16.5,0,15.0,0,18.0,0.0,81,56,68.5
23,2016-10-27,18,37.412397799999994,-121.93701999999999,TASMAN DR,ZANKER RD,0,0,0,TASMAN DR & ZANKER RD,45,4200.0,17.0,21000.0,49.0,0,44.0,0,19.0,0.03,72,51,61.5
24,2016-10-27,18,37.24963890000001,-121.8569206,INDIAN AV (L),SANTA TERESA BLVD,0,0,0,INDIAN AV (L) & SANTA TERESA BLVD,30,5280.0,2.0,400.0,32.0,1,28.0,0,60.0,0.03,72,51,61.5
25,2017-10-13,13,37.3647332,-121.89167250000001,COMMERCIAL ST,OAKLAND RD,0,0,0,COMMERCIAL ST & OAKLAND RD,35,3200.0,35.0,24100.0,36.0,0,33.0,0,20.0,0.09,76,53,64.5
26,2014-05-04,15,37.4252179,-121.9726778,GRAND BL,FIRST ST,0,0,0,GRAND BL & FIRST ST,30,2640.0,1.0,900.0,34.0,0,30.0,0,21.0,0.02,74,52,63.0
27,2013-05-12,11,37.3606414,-121.8793215,TWENTY-THIRD ST (L),MISSION ST,0,0,0,TWENTY-THIRD ST (L) & MISSION ST,25,750.0,186.0,1240.0,32.0,1,25.0,0,22.0,0.01,75,51,63.0
28,2013-05-12,10,37.260273,-121.80898329999998,MONTEREY RD,BLOSSOM HILL RD,0,0,0,MONTEREY RD & BLOSSOM HILL RD,45,14200.0,170.0,31100.0,49.7,0,43.7,0,464.0,0.01,75,51,63.0
29,2015-12-06,0,37.3322979,-121.89352240000002,ALMADEN BL,100' N/O GRANT ST,0,0,0,ALMADEN BL & 100' N/O GRANT ST,30,4300.0,22.0,13100.0,33.5,0,29.0,0,23.0,0.07,61,45,53.0
30,2015-04-08,5,37.2326407,-121.7721442,SAN IGNACIO AV,BERNAL RD,0,0,0,SAN IGNACIO AV & BERNAL RD,40,1850.0,6.0,17600.0,42.0,0,36.0,0,24.0,0.05,69,48,58.5
31,2015-10-01,1,37.3336364,-121.9014645,MONTGOMERY ST,ST JOHN ST,0,0,0,MONTGOMERY ST & ST JOHN ST,25,850.0,1.0,2200.0,29.0,0,25.0,0,25.0,0.02,77,56,66.5
32,2014-01-03,5,37.279762299999994,-121.67803629999999,SAN FELIPE RD,VILLAGES PW,0,0,0,SAN FELIPE RD & VILLAGES PW,40,3500.0,8.0,14100.0,44.0,0,40.0,0,26.0,0.06,58,41,49.5
33,2014-01-03,2,37.26896230000001,-121.8337982,SKYWAY DR,SNELL AV,0,0,0,SKYWAY DR & SNELL AV,35,1925.0,9.0,8700.0,39.0,0,34.0,0,388.0,0.06,58,41,49.5
34,2016-03-10,13,37.292019200000006,-121.90177179999999,CHERRY AV,ROBSHEAL DR,0,0,0,CHERRY AV & ROBSHEAL DR,25,6500.0,5.0,1000.0,27.5,0,24.0,0,27.0,0.17,66,47,56.5
35,2016-03-10,1,37.42596760000001,-121.97480320000001,LIBERTY ST,FIRST ST,0,0,0,LIBERTY ST & FIRST ST,25,460.0,0.0,1200.0,26.0,0,22.0,0,84.0,0.17,66,47,56.5
36,2016-02-21,7,37.3381636,-121.8854751,SAN FELIPE RD,S CITY LIMIT,0,0,0,SAN FELIPE RD & S CITY LIMIT,35,14280.0,17.0,3500.0,39.0,0,35.5,0,28.0,0.12,65,47,56.0
37,2014-04-12,0,37.232724600000005,-121.80858870000002,LOS PINOS WY (L),COTTLE RD,0,0,0,LOS PINOS WY (L) & COTTLE RD,25,4100.0,5.0,2500.0,34.5,1,25.0,0,29.0,0.06,70,48,59.0
38,2015-08-21,8,37.2757352,-121.877133,OLD ALMADEN RD,CAPITOL EX,0,0,0,OLD ALMADEN RD & CAPITOL EX,30,2400.0,1.0,3200.0,33.0,0,30.0,0,30.0,0.0,80,57,68.5
39,2016-01-20,17,37.211053,-121.80694869999999,ALMADEN EX,HARRY RD,0,0,0,ALMADEN EX & HARRY RD,50,21700.0,288.0,20500.0,51.0,0,50.0,0,31.0,0.15,58,42,50.0
40,2013-07-10,14,37.296077399999994,-121.7850024,NIEMAN BL,YERBA BUENA RD,0,0,0,NIEMAN BL & YERBA BUENA RD,40,3920.0,9.0,2950.0,43.5,0,40.5,0,32.0,0.0,83,58,70.5
41,2013-07-10,9,37.310788,-121.9137487,FRUITDALE AV,MERIDIAN AV,0,0,0,FRUITDALE AV & MERIDIAN AV,30,850.0,7.0,8250.0,31.0,0,28.0,0,216.0,0.0,83,58,70.5
42,2015-04-04,3,37.3359996,-121.87753570000001,SAN CARLOS ST,TENTH ST,0,0,0,SAN CARLOS ST & TENTH ST,25,2260.0,10.0,2700.0,27.5,0,23.5,0,33.0,0.07,69,48,58.5
43,2017-04-28,23,37.241124400000004,-121.901651,CARTER AV,KOOSER RD,0,0,0,CARTER AV & KOOSER RD,30,3600.0,3.0,1900.0,32.0,0,27.0,0,34.0,0.05,72,51,61.5
44,2015-07-17,11,37.2207125,-121.8653517,TRINIDAD DR,CAMDEN AV,0,0,0,TRINIDAD DR & CAMDEN AV,35,4600.0,10.0,10100.0,39.5,0,36.5,0,35.0,0.0,83,59,71.0
45,2016-07-25,20,37.332954799999996,-121.8676652,MARGARET WY (L),FIFTH ST,0,0,0,MARGARET WY (L) & FIFTH ST,25,800.0,12.0,5100.0,34.0,1,25.0,0,36.0,0.0,82,59,70.5
46,2013-05-28,2,37.3273564,-121.7669875,MURILLO AV,QUIMBY RD,0,0,0,MURILLO AV & QUIMBY RD,35,2900.0,0.0,1150.0,39.0,0,35.0,0,37.0,0.03,76,54,65.0
47,2014-02-27,19,37.279762299999994,-121.67803629999999,SAN FELIPE RD,VILLAGES PW,0,0,0,SAN FELIPE RD & VILLAGES PW,40,3500.0,8.0,14100.0,44.0,0,40.0,0,38.0,0.2,64,46,55.0
48,2014-02-27,4,37.3728843,-121.8853451,SIERRA RD,300' E/O HAZLETT WY,0,0,0,SIERRA RD & 300' E/O HAZLETT WY,25,1690.0,1.0,2250.0,31.5,0,27.5,0,411.0,0.2,64,46,55.0
49,2015-10-14,5,37.3121816,-121.89385870000001,DELMAS AV,WILLOW ST,0,0,0,DELMAS AV & WILLOW ST,25,2700.0,4.0,1200.0,27.5,0,24.0,0,39.0,0.0,77,53,65.0
50,2014-10-17,4,37.3006717,-121.858375,MONTEREY RD,OLD TULLY RD,0,0,0,MONTEREY RD & OLD TULLY RD,40,1400.0,46.0,35400.0,45.0,0,40.0,0,40.0,0.01,76,52,64.0
51,2014-10-17,17,37.323328100000005,-121.9318754,SAN CARLOS ST,BASCOM AV,0,0,0,SAN CARLOS ST & BASCOM AV,35,9250.0,144.0,23300.0,37.0,0,32.7,0,347.0,0.01,76,52,64.0
52,2014-08-22,4,37.310359399999996,-122.0135873,BOLLINGER RD,MILLER AV,0,0,0,BOLLINGER RD & MILLER AV,35,5100.0,35.0,17650.0,39.0,0,36.0,0,41.0,0.0,82,58,70.0
53,2017-11-21,0,37.361957000000004,-121.885939,BAYSHORE ROAD WEST,HEDDING ST,0,0,0,BAYSHORE ROAD WEST & HEDDING ST,30,1580.0,1.0,3900.0,32.0,0,29.0,0,42.0,0.03,62,46,54.0
54,2017-11-21,13,37.341944899999994,-121.8595078,SUNNY CT (L),MC LAUGHLIN AV,0,0,0,SUNNY CT (L) & MC LAUGHLIN AV,25,2150.0,9.0,2000.0,31.0,1,25.0,0,71.0,0.03,62,46,54.0
55,2017-07-23,13,37.2781107,-121.8321916,SEVEN TREES BL,SENTER RD,0,0,0,SEVEN TREES BL & SENTER RD,30,2300.0,21.0,4800.0,34.0,0,29.0,0,43.0,0.0,82,60,71.0
56,2016-07-20,9,37.230338,-121.89677009999998,REDMOND AV,COLEMAN RD,0,0,0,REDMOND AV & COLEMAN RD,35,12400.0,17.0,4100.0,39.0,0,35.0,0,44.0,0.0,82,59,70.5
57,2015-09-22,2,37.325727799999996,-121.86556999999999,STORY RD,SENTER RD,0,0,0,STORY RD & SENTER RD,40,6200.0,182.0,34000.0,42.0,0,37.5,0,45.0,0.02,82,57,69.5
58,2015-09-11,14,37.331962299999994,-121.9002176,AUTUMN ST,SANTA CLARA ST,0,0,0,AUTUMN ST & SANTA CLARA ST,25,1580.0,5.0,3000.0,29.5,0,26.0,0,46.0,0.0,82,57,69.5
59,2017-11-01,7,37.2867515,-121.96633229999999,CAMPBELL AV,ABBEY LN,0,0,0,CAMPBELL AV & ABBEY LN,35,2300.0,5.0,22800.0,38.0,0,34.0,0,47.0,0.0,71,48,59.5
60,2017-03-09,18,37.294434700000004,-121.92273059999998,LEIGH AV,HAMILTON AV,0,0,0,LEIGH AV & HAMILTON AV,35,8250.0,72.0,9950.0,40.0,0,36.0,0,48.0,0.11,65,46,55.5
61,2017-11-26,0,37.3462475,-121.9152125,COLEMAN AV,HEDDING ST,0,0,0,COLEMAN AV & HEDDING ST,40,6230.0,41.0,31600.0,46.0,0,42.0,0,49.0,0.08,61,43,52.0
62,2015-08-19,11,37.360878899999996,-121.8121764,STORY RD,CLAYTON RD,0,0,0,STORY RD & CLAYTON RD,30,3650.0,5.0,4800.0,33.0,0,30.0,0,50.0,0.0,80,58,69.0
63,2013-02-05,2,37.3380722,-121.795402,VISTA VERDE DR (L),FLINT AV,0,0,0,VISTA VERDE DR (L) & FLINT AV,25,2900.0,5.0,2200.0,32.0,1,25.0,0,51.0,0.02,61,44,52.5
64,2015-04-05,2,37.2744799,-121.8935378,PLUMMER AV,FOXWORTHY AV,0,0,0,PLUMMER AV & FOXWORTHY AV,25,4350.0,8.0,2200.0,31.0,0,26.5,0,52.0,0.03,69,47,58.0
65,2015-04-05,14,37.26896230000001,-121.8337982,SKYWAY DR,SNELL AV,0,0,0,SKYWAY DR & SNELL AV,35,1925.0,9.0,8700.0,39.0,0,34.0,0,145.0,0.03,69,47,58.0
66,2015-04-05,20,37.250321,-121.87210900000001,BLOSSOM HILL RD,W CITY LIMIT,0,0,0,BLOSSOM HILL RD & W CITY LIMIT,35,10600.0,20.0,18700.0,42.0,0,37.0,0,410.0,0.03,69,47,58.0
67,2013-06-20,8,37.4129152,-121.9416344,BAYPOINTE PW,BAYPOINTE DR,0,0,0,BAYPOINTE PW & BAYPOINTE DR,35,2950.0,6.0,3300.0,37.0,0,32.5,0,53.0,0.0,81,56,68.5
68,2013-11-19,21,37.330418,-121.78937020000001,FLINT AV,NORWOOD AV,0,0,0,FLINT AV & NORWOOD AV,30,7700.0,11.0,2900.0,34.0,0,30.5,0,54.0,0.03,64,46,55.0
69,2013-11-25,8,37.3904627,-121.842445,PIEDMONT RD,PENITENCIA CREEK RD,0,0,0,PIEDMONT RD & PENITENCIA CREEK RD,35,5500.0,42.0,13600.0,38.3,0,34.0,0,55.0,0.07,61,44,52.5
70,2013-11-05,23,37.317302500000004,-121.9500432,TISCH WY,WINCHESTER BL,0,0,0,TISCH WY & WINCHESTER BL,35,1990.0,9.0,6100.0,37.0,0,34.0,0,56.0,0.0,69,48,58.5
71,2015-07-08,8,37.2686473,-121.8080068,SNOW DR,BRANHAM LN EAST,0,0,0,SNOW DR & BRANHAM LN EAST,25,6050.0,8.0,1600.0,25.0,0,21.0,0,57.0,0.0,84,57,70.5
72,2017-01-08,14,37.2633678,-121.78806680000001,HELLYER AV,FONTANOSO WY,0,0,0,HELLYER AV & FONTANOSO WY,45,9280.0,2.0,3600.0,48.3,0,43.3,0,58.0,0.03,59,43,51.0
73,2016-09-07,12,37.279762299999994,-121.67803629999999,SAN FELIPE RD,VILLAGES PW,0,0,0,SAN FELIPE RD & VILLAGES PW,40,3500.0,8.0,14100.0,44.0,0,40.0,0,59.0,0.0,83,58,70.5
74,2016-09-07,8,37.3290695,-121.79762579999999,MT McKINLEY DR (L),WHITE RD,0,0,0,MT McKINLEY DR (L) & WHITE RD,25,3900.0,11.0,1480.0,34.0,1,25.0,0,271.0,0.0,83,58,70.5
75,2016-11-21,23,37.32379279999999,-121.8085652,QUIMBY RD,CAPITOL EX,0,0,0,QUIMBY RD & CAPITOL EX,40,3300.0,42.0,31850.0,43.0,0,39.5,0,61.0,0.03,62,46,54.0
76,2017-09-15,1,37.219704,-121.87906299999999,WOODED LAKE DR (L),LEYLAND PARK DR,0,0,0,WOODED LAKE DR (L) & LEYLAND PARK DR,25,3575.0,1.0,210.0,32.0,1,25.0,0,62.0,0.0,78,57,67.5
77,2015-11-28,3,37.3904627,-121.842445,PIEDMONT RD,PENITENCIA CREEK RD,0,0,0,PIEDMONT RD & PENITENCIA CREEK RD,35,5500.0,42.0,13600.0,38.3,0,34.0,0,63.0,0.08,60,43,51.5
78,2013-08-09,19,37.3161475,-121.93194409999998,MOORPARK AV,BASCOM AV,0,0,0,MOORPARK AV & BASCOM AV,35,2960.0,56.0,23700.0,39.5,0,33.5,0,65.0,0.0,83,60,71.5
79,2017-08-16,10,37.293479100000006,-121.7685215,SILVER ESTATES (L),SAN FELIPE RD,0,0,0,SILVER ESTATES (L) & SAN FELIPE RD,25,3900.0,0.0,1200.0,35.0,1,25.0,0,66.0,0.0,83,58,70.5
80,2013-11-09,2,37.3587045,-121.8708754,LAS PLUMAS AV,MARBURG WY,0,0,0,LAS PLUMAS AV & MARBURG WY,30,4700.0,12.0,3900.0,33.5,0,30.0,0,67.0,0.06,66,47,56.5
81,2016-08-12,20,37.3991008,-121.9398465,RIVER OAKS PW,FIRST ST,0,0,0,RIVER OAKS PW & FIRST ST,35,7600.0,8.0,6500.0,38.0,0,32.7,0,68.0,0.0,83,59,71.0
82,2015-10-18,5,37.3396664,-121.92452340000001,HEDDING ST,GUADALUPE PW,0,0,0,HEDDING ST & GUADALUPE PW,30,6100.0,63.0,13950.0,34.0,0,30.3,0,69.0,0.0,75,52,63.5
83,2013-03-15,9,37.2818466,-121.9765912,SAN TOMAS AQUINO RD / FENIAN DR,BUCKNALL RD,0,0,0,SAN TOMAS AQUINO RD / FENIAN DR & BUCKNALL RD,30,2050.0,6.0,11500.0,35.0,0,32.5,0,70.0,0.12,67,46,56.5
84,2014-03-04,14,37.2659258,-121.85679760000001,NARVAEZ AV,BRANHAM LN,0,0,0,NARVAEZ AV & BRANHAM LN,35,3440.0,8.0,7900.0,39.0,0,37.0,0,72.0,0.09,63,46,54.5
85,2017-02-16,14,37.3281845,-121.8942899,SAN CARLOS ST,WOZ WY,0,0,0,SAN CARLOS ST & WOZ WY,25,1975.0,20.0,12100.0,30.5,0,27.0,0,73.0,0.13,62,47,54.5
86,2014-02-11,16,37.311381700000005,-121.86882479999998,PHELAN AV,MONTEREY RD,0,0,0,PHELAN AV & MONTEREY RD,25,4830.0,19.0,7950.0,29.5,0,26.5,0,74.0,0.07,62,44,53.0
87,2015-09-20,6,37.3652228,-121.91699299999999,TECHNOLOGY DR,SKYPORT DR,0,0,0,TECHNOLOGY DR & SKYPORT DR,35,2200.0,8.0,10400.0,38.0,0,33.0,0,75.0,0.0,83,56,69.5
88,2015-05-07,15,37.332954799999996,-121.8676652,MARGARET WY (L),FIFTH ST,0,0,0,MARGARET WY (L) & FIFTH ST,25,800.0,12.0,5100.0,34.0,1,25.0,0,76.0,0.03,75,51,63.0
89,2013-07-03,21,37.2805049,-121.8887318,COTTLE AV,KOCH LN,0,0,0,COTTLE AV & KOCH LN,25,6400.0,1.0,1850.0,29.8,0,26.8,0,77.0,0.0,82,58,70.0
90,2017-06-14,13,37.3593408,-121.8908773,HEDDING ST,OAKLAND RD,0,0,0,HEDDING ST & OAKLAND RD,35,2050.0,26.0,14150.0,41.0,0,37.0,0,78.0,0.0,81,56,68.5
91,2017-04-19,17,37.3905034,-121.85959820000001,OHLONE DR (L),CAPITOL AV,0,0,0,OHLONE DR (L) & CAPITOL AV,30,1850.0,9.0,3250.0,33.0,1,29.0,0,79.0,0.05,70,48,59.0
92,2017-04-19,1,37.2367282,-121.8396426,BLOSSOM AV,SANTA TERESA BL,0,0,0,BLOSSOM AV & SANTA TERESA BL,35,4950.0,22.0,10200.0,40.0,0,36.5,0,234.0,0.05,70,48,59.0
93,2015-04-26,6,37.2602948,-121.85460800000001,CHYNOWETH AV,NEW WORLD DR,0,0,0,CHYNOWETH AV & NEW WORLD DR,30,2150.0,3.0,2900.0,34.0,0,31.0,0,80.0,0.0,73,50,61.5
94,2015-04-26,10,37.2890141,-121.8809366,ALMADEN RD,IRONWOOD DR,0,0,0,ALMADEN RD & IRONWOOD DR,35,7000.0,23.0,9000.0,37.5,0,34.0,0,118.0,0.0,73,50,61.5
95,2015-04-26,0,37.222309100000004,-121.7860617,MARTINVALE LN (L),HEATON MOOR DR,0,0,0,MARTINVALE LN (L) & HEATON MOOR DR,30,3000.0,5.0,1800.0,38.0,1,30.0,0,381.0,0.0,73,50,61.5
96,2013-09-17,12,37.242844500000004,-121.8441154,CHESBRO AV,CALERO AV,0,0,0,CHESBRO AV & CALERO AV,30,2800.0,8.0,1500.0,34.0,0,31.0,0,81.0,0.01,80,57,68.5
97,2013-09-17,1,37.293760799999994,-121.8978169,NORVAL WY,COTTLE AV,0,0,0,NORVAL WY & COTTLE AV,25,1850.0,0.0,350.0,24.5,0,21.5,0,131.0,0.01,80,57,68.5
98,2017-01-10,17,37.3215618,-121.8043469,SCOTTSDALE DR (L),QUIMBY RD,0,0,0,SCOTTSDALE DR (L) & QUIMBY RD,25,4200.0,7.0,2000.0,32.0,1,25.0,0,82.0,0.11,58,43,50.5
99,2014-05-05,19,37.310359399999996,-122.0135873,BOLLINGER RD,MILLER AV,0,0,0,BOLLINGER RD & MILLER AV,35,5100.0,35.0,17650.0,39.0,0,36.0,0,83.0,0.03,74,51,62.5
100,2017-05-11,0,37.3359996,-121.87753570000001,SAN CARLOS ST,TENTH ST,0,0,0,SAN CARLOS ST & TENTH ST,25,2260.0,10.0,2700.0,27.5,0,23.5,0,85.0,0.0,75,51,63.0
101,2015-01-01,11,37.350008200000005,-121.8739225,TWENTY-FIRST ST,JUIAN ST,0,0,0,TWENTY-FIRST ST & JUIAN ST,25,4980.0,7.0,4500.0,29.5,0,28.0,0,86.0,0.15,58,42,50.0
102,2015-01-01,0,37.3628926,-121.8858966,BERRYESSA RD,MABURY RD,0,0,0,BERRYESSA RD & MABURY RD,40,11500.0,159.0,40150.0,43.3,0,39.7,0,393.0,0.15,58,42,50.0
103,2016-10-17,5,37.323664799999996,-121.90867079999998,LINCOLN AV,SAN CARLOS ST,0,0,0,LINCOLN AV & SAN CARLOS ST,25,920.0,4.0,2900.0,28.0,0,25.0,0,87.0,0.01,76,52,64.0
104,2013-11-01,20,37.2148343,-121.867204,BOSE LN,HAMPTON DR,0,0,0,BOSE LN & HAMPTON DR,25,2380.0,0.0,1300.0,29.5,0,25.5,0,88.0,0.0,71,48,59.5
105,2013-01-16,6,37.3128518,-121.8402649,LUCRETIA AV,TULLY RD,0,0,0,LUCRETIA AV & TULLY RD,35,8000.0,75.0,8050.0,41.0,0,37.0,0,89.0,0.07,59,43,51.0
106,2013-10-04,20,37.26503900000001,-121.940304,CRYSTAL SPRINGS DR (L),CAMDEN AV,0,0,0,CRYSTAL SPRINGS DR (L) & CAMDEN AV,25,4325.0,4.0,650.0,39.0,1,25.0,0,90.0,0.02,77,55,66.0
107,2015-05-04,14,37.317288399999995,-121.92380949999999,PARKMOOR AV,LEIGH AV,0,0,0,PARKMOOR AV & LEIGH AV,40,2700.0,27.0,24400.0,45.0,0,41.0,0,91.0,0.02,74,52,63.0
108,2015-02-07,15,37.2890141,-121.8809366,ALMADEN RD,IRONWOOD DR,0,0,0,ALMADEN RD & IRONWOOD DR,35,7000.0,23.0,9000.0,37.5,0,34.0,0,92.0,0.11,61,45,53.0
109,2016-03-16,12,37.3904627,-121.842445,PIEDMONT RD,PENITENCIA CREEK RD,0,0,0,PIEDMONT RD & PENITENCIA CREEK RD,35,5500.0,42.0,13600.0,38.3,0,34.0,0,93.0,0.06,67,48,57.5
110,2017-08-04,17,37.34079699999999,-121.9230048,HEDDING ST,THE ALAMEDA,0,0,0,HEDDING ST & THE ALAMEDA,35,5300.0,31.0,16100.0,39.0,1,35.5,0,94.0,0.0,82,59,70.5
111,2015-04-13,17,37.3376264,-121.9192495,TAYLOR ST,THE ALAMEDA,0,0,0,TAYLOR ST & THE ALAMEDA,35,3100.0,28.0,10300.0,38.0,0,34.0,0,95.0,0.06,71,48,59.5
112,2017-12-11,7,37.246838000000004,-121.86769170000001,WINFIELD BLVD,SOUTH END,0,0,0,WINFIELD BLVD & SOUTH END,30,2100.0,8.0,3150.0,34.0,0,31.0,0,96.0,0.1,59,44,51.5
113,2017-06-07,0,37.314081200000004,-121.9049074,GLEN EYRIE AV (L),LINCOLN AV,0,0,0,GLEN EYRIE AV (L) & LINCOLN AV,25,3750.0,11.0,1500.0,30.0,1,25.0,0,97.0,0.0,77,55,66.0
114,2017-10-10,13,37.3285571,-121.86115330000001,LEEWARD DR (L),STORY RD,0,0,0,LEEWARD DR (L) & STORY RD,25,4000.0,39.0,5000.0,35.0,1,25.0,0,98.0,0.03,77,53,65.0
115,2017-11-20,7,37.25609650000001,-121.87373899999999,GREAT OAKS PW/BL,SR-85,0,0,0,GREAT OAKS PW/BL & SR-85,40,9385.0,11.0,10850.0,44.0,0,40.0,0,99.0,0.06,63,45,54.0
116,2015-05-11,19,37.329606299999995,-121.8868712,SAN SALVADOR ST,MARKET ST,0,0,0,SAN SALVADOR ST & MARKET ST,20,5500.0,55.0,8000.0,25.5,0,23.0,0,100.0,0.0,75,51,63.0
117,2015-05-11,13,37.3322979,-121.89352240000002,ALMADEN BL,100' N/O GRANT ST,0,0,0,ALMADEN BL & 100' N/O GRANT ST,30,4300.0,22.0,13100.0,33.5,0,29.0,0,387.0,0.0,75,51,63.0
118,2013-08-10,20,37.34079699999999,-121.9230048,HEDDING ST,THE ALAMEDA,0,0,0,HEDDING ST & THE ALAMEDA,35,5300.0,31.0,16100.0,39.0,1,35.5,0,101.0,0.0,83,59,71.0
119,2015-01-23,19,37.332954799999996,-121.8676652,SEVENTH ST,MARGARET WY,0,0,0,SEVENTH ST & MARGARET WY,25,2000.0,24.0,10350.0,32.0,0,28.0,0,102.0,0.1,59,42,50.5
120,2015-01-23,18,37.3122672,-122.0321566,BOLLINGER RD,DE ANZA BL,0,0,0,BOLLINGER RD & DE ANZA BL,35,5650.0,18.0,15700.0,40.0,0,36.5,0,176.0,0.1,59,42,50.5
121,2016-02-01,10,37.342054499999996,-121.89068119999999,FOURTH ST,JULIAN ST,0,0,0,FOURTH ST & JULIAN ST,30,7200.0,46.0,7250.0,35.0,0,30.5,0,103.0,0.02,61,43,52.0
122,2016-02-01,21,37.325894899999994,-121.91379740000002,PARK AV,MERIDIAN AV,0,0,0,PARK AV & MERIDIAN AV,30,6600.0,87.0,6600.0,35.0,0,30.0,0,105.0,0.02,61,43,52.0
123,2017-03-04,1,37.3285686,-121.8816368,FIRST ST,REED ST,0,0,0,FIRST ST & REED ST,25,1350.0,11.0,3100.0,28.0,0,24.0,0,104.0,0.09,63,46,54.5
124,2013-07-28,15,37.329606299999995,-121.8868712,SAN SALVADOR ST,MARKET ST,0,0,0,SAN SALVADOR ST & MARKET ST,20,5500.0,55.0,8000.0,25.5,0,23.0,0,106.0,0.0,82,58,70.0
125,2017-07-11,22,37.2094179,-121.8461818,VIA VALIENTE,ALMADEN EX,0,0,0,VIA VALIENTE & ALMADEN EX,35,2800.0,8.0,3850.0,39.0,0,35.0,0,107.0,0.0,83,58,70.5
126,2017-04-21,16,37.3332786,-121.91398429999998,LENZEN AV,THE ALAMEDA,0,0,0,LENZEN AV & THE ALAMEDA,30,1900.0,4.0,4550.0,29.0,0,25.0,0,108.0,0.04,72,51,61.5
127,2016-07-09,20,37.219682899999995,-121.76206299999998,SANTA TERESA BL,BAYLISS DR,0,0,0,SANTA TERESA BL & BAYLISS DR,45,5300.0,13.0,11650.0,48.3,0,43.7,0,109.0,0.0,83,58,70.5
128,2014-01-18,6,37.3799064,-121.90912959999999,JUNCTION AV,BROKAW RD,0,0,0,JUNCTION AV & BROKAW RD,40,9600.0,10.0,8850.0,40.3,0,37.3,0,110.0,0.1,60,43,51.5
129,2014-01-18,12,37.3009534,-121.98173870000001,PAYNE AV,SARATOGA AV,0,0,0,PAYNE AV & SARATOGA AV,35,9300.0,20.0,11050.0,39.0,0,35.0,0,333.0,0.1,60,43,51.5
130,2017-09-04,10,37.3728843,-121.8853451,SIERRA RD,300' E/O HAZLETT WY,0,0,0,SIERRA RD & 300' E/O HAZLETT WY,25,1690.0,1.0,2250.0,31.5,0,27.5,0,111.0,0.0,82,58,70.0
131,2017-11-28,16,37.331962299999994,-121.9002176,AUTUMN ST,SANTA CLARA ST,0,0,0,AUTUMN ST & SANTA CLARA ST,25,1580.0,5.0,3000.0,29.5,0,26.0,0,112.0,0.08,60,43,51.5
132,2017-11-28,5,37.29049759999999,-121.84808329999998,LEWIS RD,MONTEREY RD,0,0,0,LEWIS RD & MONTEREY RD,30,3900.0,23.0,6250.0,32.5,0,29.5,0,447.0,0.08,60,43,51.5
133,2017-07-09,23,37.2229777,-121.78500190000001,VINEYARD DR,BROMLEY CROSS DR,0,0,0,VINEYARD DR & BROMLEY CROSS DR,25,3500.0,11.0,3100.0,30.0,0,26.0,0,113.0,0.0,83,58,70.5
134,2017-10-18,16,37.2625619,-121.9021831,JACOB AV,MERIDIAN AV,0,0,0,JACOB AV & MERIDIAN AV,30,2900.0,1.0,1500.0,33.0,0,29.0,0,114.0,0.0,75,52,63.5
135,2017-10-03,20,37.2802166,-121.93175919999999,BASCOM AV,DRY CREEK RD (800' N/O),0,0,0,BASCOM AV & DRY CREEK RD (800' N/O),40,4250.0,56.0,20400.0,43.0,0,39.0,0,115.0,0.0,78,54,66.0
136,2017-04-01,16,37.405597,-121.8497527,PIEDMONT RD,OLD PIEDMONT RD,0,0,0,PIEDMONT RD & OLD PIEDMONT RD,35,6900.0,14.0,8800.0,38.8,0,35.8,0,116.0,0.03,68,47,57.5
137,2017-09-24,0,37.3374044,-121.95019429999999,NEWHALL ST,WINCHESTER BL,0,0,0,NEWHALL ST & WINCHESTER BL,35,3000.0,11.0,9980.0,38.5,0,35.0,0,117.0,0.02,80,57,68.5
138,2017-09-24,7,37.240494700000006,-121.7632165,BASKING RIDGE AV,SOUTH END,0,0,0,BASKING RIDGE AV & SOUTH END,30,4640.0,1.0,4500.0,34.7,0,30.7,0,137.0,0.02,80,57,68.5
139,2017-09-24,22,37.403854700000004,-121.9291294,CISCO WAY,RIVER OAKS PKWY,0,0,0,CISCO WAY & RIVER OAKS PKWY,35,3100.0,6.0,4100.0,37.0,0,33.0,0,193.0,0.02,80,57,68.5
140,2017-11-07,17,37.26503900000001,-121.940304,CRYSTAL SPRINGS DR (L),CAMDEN AV,0,0,0,CRYSTAL SPRINGS DR (L) & CAMDEN AV,25,4325.0,4.0,650.0,39.0,1,25.0,0,119.0,0.05,68,49,58.5
141,2017-08-20,21,37.3315188,-121.83494579999999,KING RD / LUNDY AV,McKEE RD,0,0,0,KING RD / LUNDY AV & McKEE RD,40,6745.0,76.0,15100.0,42.5,0,38.5,0,120.0,0.02,79,58,68.5
142,2013-04-26,13,37.32918799999999,-121.9010384,SAN FERNANDO ST,MONTGOMERY ST,0,0,0,SAN FERNANDO ST & MONTGOMERY ST,25,8166.0,47.0,8750.0,29.0,0,25.7,0,121.0,0.0,73,50,61.5
143,2015-09-09,3,37.2634566,-121.94349679999999,BASCOM AV,SHELLEY AV,0,0,0,BASCOM AV & SHELLEY AV,40,4051.0,17.0,20100.0,44.5,0,39.5,0,122.0,0.01,80,57,68.5
144,2017-06-28,22,37.2718659,-121.9937996,WESTMONT AV,QUITO RD,0,0,0,WESTMONT AV & QUITO RD,30,3800.0,10.0,4800.0,35.0,0,32.0,0,123.0,0.0,81,58,69.5
145,2016-09-04,0,37.2553608,-121.8982855,MERIDIAN AV,BRANHAM LN,0,0,0,MERIDIAN AV & BRANHAM LN,35,4950.0,36.0,15700.0,39.0,0,35.5,0,124.0,0.0,82,58,70.0
146,2015-07-11,14,37.26503900000001,-121.940304,CRYSTAL SPRINGS DR (L),CAMDEN AV,0,0,0,CRYSTAL SPRINGS DR (L) & CAMDEN AV,25,4325.0,4.0,650.0,39.0,1,25.0,0,125.0,0.0,83,58,70.5
147,2015-07-11,6,37.300520299999995,-121.89415359999998,WILLOW GLEN WY,LINCOLN AV,0,0,0,WILLOW GLEN WY & LINCOLN AV,25,4800.0,11.0,850.0,28.5,0,24.5,0,313.0,0.0,83,58,70.5
148,2016-10-26,6,37.3075549,-121.8740572,BARNARD AV,LITTLE ORCHARD ST,0,0,0,BARNARD AV & LITTLE ORCHARD ST,25,2010.0,2.0,1550.0,28.5,0,23.5,0,126.0,0.1,73,51,62.0
149,2016-11-26,6,37.3462475,-121.9152125,COLEMAN AV,HEDDING ST,0,0,0,COLEMAN AV & HEDDING ST,40,6230.0,41.0,31600.0,46.0,0,42.0,0,127.0,0.08,61,43,52.0
150,2013-03-22,18,37.3006717,-121.858375,MONTEREY RD,OLD TULLY RD,0,0,0,MONTEREY RD & OLD TULLY RD,40,1400.0,46.0,35400.0,45.0,0,40.0,0,128.0,0.09,67,48,57.5
151,2016-12-17,23,37.4252179,-121.9726778,GRAND BL,FIRST ST,0,0,0,GRAND BL & FIRST ST,30,2640.0,1.0,900.0,34.0,0,30.0,0,129.0,0.06,59,41,50.0
152,2016-12-17,11,37.332954799999996,-121.8676652,MARGARET WY (L),FIFTH ST,0,0,0,MARGARET WY (L) & FIFTH ST,25,800.0,12.0,5100.0,34.0,1,25.0,0,265.0,0.06,59,41,50.0
153,2017-06-10,3,37.3788219,-121.8518419,MABURY RD,CAPITOL AV,0,0,0,MABURY RD & CAPITOL AV,35,3400.0,16.0,10250.0,39.0,0,36.0,0,130.0,0.0,78,56,67.0
154,2017-01-17,11,37.310376899999994,-121.9318876,FRUITDALE AV,BASCOM AV,0,0,0,FRUITDALE AV & BASCOM AV,35,5200.0,68.0,12150.0,37.5,0,33.5,0,132.0,0.07,59,42,50.5
155,2015-03-21,8,37.386710799999996,-121.83190359999999,GOLF DR (L),TOYON  AV,0,0,0,GOLF DR (L) & TOYON  AV,25,1980.0,3.0,1500.0,35.0,1,25.0,0,133.0,0.1,67,49,58.0
156,2013-04-17,13,37.29049759999999,-121.84808329999998,LEWIS RD,MONTEREY RD,0,0,0,LEWIS RD & MONTEREY RD,30,3900.0,23.0,6250.0,32.5,0,29.5,0,134.0,0.05,68,50,59.0
157,2013-04-17,17,37.4158982,-121.85641940000001,CROPLEY AV,PIEDMONT RD,0,0,0,CROPLEY AV & PIEDMONT RD,25,760.0,1.0,1050.0,29.0,0,26.0,0,409.0,0.05,68,50,59.0
158,2013-09-07,11,37.228898,-121.7804165,SANTA TERESA BL,SOUTH CITY LIMIT,0,0,0,SANTA TERESA BL & SOUTH CITY LIMIT,50,13100.0,14.0,4450.0,54.3,0,49.3,0,135.0,0.0,83,58,70.5
159,2014-07-14,9,37.3039139,-121.7818679,YERBA BUENA  AV,100' S/O OF KOLNES CT,0,0,0,YERBA BUENA  AV & 100' S/O OF KOLNES CT,30,4700.0,5.0,2800.0,36.5,0,32.0,0,136.0,0.0,85,59,72.0
160,2014-07-14,20,37.300934600000005,-121.91363020000001,MERIDIAN AV,MINNESOTA AV,0,0,0,MERIDIAN AV & MINNESOTA AV,35,8400.0,107.0,29250.0,38.0,0,34.5,0,190.0,0.0,85,59,72.0
161,2014-05-28,17,37.2082066,-121.8528226,RAJKOVICH WY,GLENVIEW DR,0,0,0,RAJKOVICH WY & GLENVIEW DR,30,1800.0,1.0,1750.0,34.0,0,30.0,0,138.0,0.03,76,54,65.0
162,2015-06-12,14,37.2602948,-121.85460800000001,CHYNOWETH AV,NEW WORLD DR,0,0,0,CHYNOWETH AV & NEW WORLD DR,30,2150.0,3.0,2900.0,34.0,0,31.0,0,139.0,0.0,78,54,66.0
163,2015-06-12,0,37.3562529,-121.89122520000001,MISSION ST (L),THIRTEENTH ST,0,0,0,MISSION ST (L) & THIRTEENTH ST,25,3440.0,15.0,1200.0,29.0,1,25.0,0,314.0,0.0,78,54,66.0
164,2015-01-25,15,37.222309100000004,-121.7860617,MARTINVALE LN (L),HEATON MOOR DR,0,0,0,MARTINVALE LN (L) & HEATON MOOR DR,30,3000.0,5.0,1800.0,38.0,1,30.0,0,140.0,0.09,60,43,51.5
165,2015-08-15,16,37.341944899999994,-121.8595078,SUNNY CT (L),MC LAUGHLIN AV,0,0,0,SUNNY CT (L) & MC LAUGHLIN AV,25,2150.0,9.0,2000.0,31.0,1,25.0,0,141.0,0.0,82,59,70.5
166,2013-05-20,21,37.2602242,-121.8102572,ROEDER RD,MONTEREY HW,0,0,0,ROEDER RD & MONTEREY HW,30,3040.0,35.0,8750.0,32.0,0,27.0,0,142.0,0.01,76,54,65.0
167,2014-02-24,14,37.3281845,-121.8942899,SAN CARLOS ST,WOZ WY,0,0,0,SAN CARLOS ST & WOZ WY,25,1975.0,20.0,12100.0,30.5,0,27.0,0,143.0,0.04,63,45,54.0
168,2017-07-01,7,37.296911200000004,-121.7841105,YERBA BUENA RD (L),FOWLER RD,0,0,0,YERBA BUENA RD (L) & FOWLER RD,25,2300.0,2.0,1200.0,27.2,1,25.0,0,144.0,0.0,83,58,70.5
169,2017-07-01,20,37.260273,-121.80898329999998,MONTEREY RD,BLOSSOM HILL RD,0,0,0,MONTEREY RD & BLOSSOM HILL RD,45,14200.0,170.0,31100.0,49.7,0,43.7,0,207.0,0.0,83,58,70.5
170,2016-09-26,17,37.309056299999995,-121.9499772,WILLIAMS RD,WINCHESTER BL,0,0,0,WILLIAMS RD & WINCHESTER BL,25,2430.0,2.0,1450.0,28.5,0,24.0,0,146.0,0.01,80,56,68.0
171,2017-12-27,23,37.243188700000005,-121.88953049999999,MERIDIAN AV,BLOSSOM HILL RD,0,0,0,MERIDIAN AV & BLOSSOM HILL RD,35,5200.0,17.0,21000.0,37.7,0,33.7,0,147.0,0.12,57,41,49.0
172,2014-03-22,6,37.309056299999995,-121.9499772,WILLIAMS RD,WINCHESTER BL,0,0,0,WILLIAMS RD & WINCHESTER BL,25,2430.0,2.0,1450.0,28.5,0,24.0,0,148.0,0.09,67,48,57.5
173,2014-02-25,11,37.2362739,-121.9129923,HARWOOD RD,BLOSSOM HILL RD,0,0,0,HARWOOD RD & BLOSSOM HILL RD,25,5000.0,6.0,3100.0,31.0,0,28.3,0,149.0,0.14,64,46,55.0
174,2017-04-15,16,37.290793,-121.97660069999999,SAN TOMAS AQUINO RD,LATIMER AV,0,0,0,SAN TOMAS AQUINO RD & LATIMER AV,35,5100.0,20.0,12900.0,38.7,0,34.7,0,150.0,0.02,70,49,59.5
175,2017-04-15,4,37.246019,-121.8038778,RALEIGH RD,COTTLE RD,0,0,0,RALEIGH RD & COTTLE RD,30,5580.0,7.0,3850.0,36.0,0,31.8,0,274.0,0.02,70,49,59.5
176,2013-05-19,17,37.3991008,-121.9398465,RIVER OAKS PW,FIRST ST,0,0,0,RIVER OAKS PW & FIRST ST,35,7600.0,8.0,6500.0,38.0,0,32.7,0,151.0,0.01,76,53,64.5
177,2015-06-26,4,37.404104700000005,-121.8977956,TRADE ZONE BL,MONTAGUE EX,0,0,0,TRADE ZONE BL & MONTAGUE EX,40,4540.0,26.0,21150.0,42.0,0,38.5,0,152.0,0.0,83,57,70.0
178,2015-12-14,0,37.316165399999996,-121.95023,WINCHESTER BLVD,MOORPARK AV,0,0,0,WINCHESTER BLVD & MOORPARK AV,35,2640.0,37.0,26500.0,37.0,0,32.0,0,153.0,0.13,58,44,51.0
179,2017-02-01,19,37.3047318,-121.90786909999998,CAMINO RAMON (L),MINNESOTA AV,0,0,0,CAMINO RAMON (L) & MINNESOTA AV,25,2600.0,8.0,3500.0,31.0,1,25.0,0,154.0,0.02,61,43,52.0
180,2017-02-01,13,37.339710100000005,-121.88990659999999,THIRD ST,JULIAN ST,0,0,0,THIRD ST & JULIAN ST,30,3600.0,26.0,3100.0,31.0,0,28.7,0,444.0,0.02,61,43,52.0
181,2017-06-26,10,37.2905712,-121.81758,TUERS RD,YERBA BUENA RD,0,0,0,TUERS RD & YERBA BUENA RD,25,3615.0,6.0,1100.0,29.0,0,25.5,0,155.0,0.0,83,57,70.0
182,2017-08-27,22,37.3423604,-121.91080729999999,TAYLOR ST,COLEMAN AV,0,0,0,TAYLOR ST & COLEMAN AV,35,2500.0,29.0,14000.0,40.0,0,36.5,0,156.0,0.0,84,58,71.0
183,2017-07-12,7,37.43105980000001,-121.96461140000001,SPRECKLES AV,GRAND BL,0,0,0,SPRECKLES AV & GRAND BL,25,1250.0,0.0,1250.0,29.0,0,25.0,0,157.0,0.0,83,59,71.0
184,2016-12-25,21,37.412397799999994,-121.93701999999999,TASMAN DR,ZANKER RD,0,0,0,TASMAN DR & ZANKER RD,40,2600.0,11.0,14500.0,42.0,0,36.0,0,158.0,0.05,57,39,48.0
185,2013-12-26,13,37.263009999999994,-121.87683020000001,BRANHAM LN,ALMADEN EX,0,0,0,BRANHAM LN & ALMADEN EX,40,5290.0,19.0,21000.0,43.0,0,40.3,0,159.0,0.04,57,40,48.5
186,2017-06-09,20,37.32379279999999,-121.8085652,QUIMBY RD,CAPITOL EX,0,0,0,QUIMBY RD & CAPITOL EX,40,3300.0,42.0,31850.0,43.0,0,39.5,0,160.0,0.01,79,55,67.0
187,2015-03-08,17,37.2659258,-121.85679760000001,NARVAEZ AV,BRANHAM LN,0,0,0,NARVAEZ AV & BRANHAM LN,35,3440.0,8.0,7900.0,39.0,0,37.0,0,161.0,0.05,66,46,56.0
188,2015-03-08,4,37.3094656,-121.7835119,SAN FELIPE RD,FOWLER RD,0,0,0,SAN FELIPE RD & FOWLER RD,40,2700.0,27.0,22550.0,42.0,0,38.5,0,241.0,0.05,66,46,56.0
189,2017-04-18,22,37.32605059999999,-121.82036950000001,QUIMBY RD,TULLY RD,0,0,0,QUIMBY RD & TULLY RD,35,4082.0,80.0,17100.0,39.5,0,35.5,0,163.0,0.05,70,49,59.5
190,2013-01-27,15,37.220763899999994,-121.78259979999999,BERNAL RD,HEATON MOOR DR (175' W/O),0,0,0,BERNAL RD & HEATON MOOR DR (175' W/O),35,2800.0,9.0,6000.0,39.0,0,35.0,0,164.0,0.18,60,44,52.0
191,2014-06-07,5,37.3461716,-121.8198845,McGINNESS AV,CORNWALL DR,0,0,0,McGINNESS AV & CORNWALL DR,30,2600.0,25.0,6150.0,33.5,0,29.5,0,165.0,0.0,77,55,66.0
192,2015-03-03,7,37.31592550000001,-121.97604009999998,SARATOGA AV,MOORPARK AV,0,0,0,SARATOGA AV & MOORPARK AV,35,3150.0,140.0,49450.0,39.0,0,35.0,0,166.0,0.15,63,47,55.0
193,2015-03-03,23,37.2182497,-121.8783639,McABEE RD,LEYLAND PARK DR,0,0,0,McABEE RD & LEYLAND PARK DR,25,1550.0,1.0,3100.0,29.0,0,27.0,0,366.0,0.15,63,47,55.0
194,2015-03-03,18,37.391173200000004,-121.86550359999998,SIERRA RD,CAPITOL  AV,0,0,0,SIERRA RD & CAPITOL  AV,35,6150.0,30.0,8400.0,38.5,0,35.0,0,470.0,0.15,63,47,55.0
195,2014-08-18,12,37.2784989,-121.8782507,FOXWORTHY AV,OLD ALMADEN RD,0,0,0,FOXWORTHY AV & OLD ALMADEN RD,35,1950.0,14.0,10100.0,38.0,0,34.0,0,167.0,0.0,80,58,69.0
196,2014-08-18,3,37.2826309,-121.82787809999999,EL CAJON DR (L),SEVEN TREES BL,0,0,0,EL CAJON DR (L) & SEVEN TREES BL,25,2800.0,17.0,2500.0,37.0,1,25.0,0,334.0,0.0,80,58,69.0
197,2014-06-26,10,37.2939492,-122.03219720000001,DE ANZA BL,PROSPECT  RD,0,0,0,DE ANZA BL & PROSPECT  RD,40,6650.0,39.0,37450.0,42.0,0,38.3,0,168.0,0.0,83,57,70.0
198,2015-12-01,7,37.297115999999995,-121.8817335,BIRD AV,MALONE RD,0,0,0,BIRD AV & MALONE RD,35,4600.0,4.0,9850.0,36.0,0,31.3,0,169.0,0.07,61,43,52.0
199,2016-06-13,0,37.262181,-121.81351799999999,EDENVIEW DR,MONTEREY RD,0,0,0,EDENVIEW DR & MONTEREY RD,25,1475.0,6.0,2900.0,28.0,0,24.0,0,170.0,0.0,80,55,67.5
200,2013-04-22,23,37.3187249,-121.7606636,GURDWARA AV,ABORN RD,0,0,0,GURDWARA AV & ABORN RD,35,4050.0,9.0,2700.0,39.0,0,35.5,0,171.0,0.03,73,51,62.0
201,2013-02-17,5,37.347055299999994,-121.83271040000001,JACKSON AV,STORY RD,0,0,0,JACKSON AV & STORY RD,35,8350.0,140.0,20900.0,38.0,0,33.7,0,172.0,0.17,63,47,55.0
202,2015-09-08,23,37.3738902,-121.87305309999999,LUNDY AV,BERRYESSA RD,0,0,0,LUNDY AV & BERRYESSA RD,40,12600.0,56.0,15950.0,43.5,0,39.3,0,173.0,0.01,83,57,70.0
203,2016-05-24,17,37.3774406,-121.9252053,CHARCOT AV,ORCHARD PW,0,0,0,CHARCOT AV & ORCHARD PW,35,3850.0,9.0,13250.0,39.0,0,35.0,0,174.0,0.01,77,55,66.0
204,2013-04-06,16,37.3161463,-121.95467250000002,EDEN AV,MOORPARK AV,0,0,0,EDEN AV & MOORPARK AV,25,2450.0,7.0,1800.0,33.0,0,25.0,0,175.0,0.03,69,49,59.0
205,2015-06-11,12,37.3247002,-121.91351909999999,PASO LOS CERRITOS (L),MERIDIAN AV,0,0,0,PASO LOS CERRITOS (L) & MERIDIAN AV,25,3525.0,2.0,780.0,33.0,1,25.0,0,177.0,0.0,77,55,66.0
206,2017-11-04,7,37.31865450000001,-121.8653994,TENTH ST,HUMBOLDT ST,0,0,0,TENTH ST & HUMBOLDT ST,35,3000.0,28.0,11000.0,42.0,0,37.0,0,178.0,0.0,70,49,59.5
207,2017-12-09,18,37.3208766,-121.9111988,AUZERAIS AV,RACE ST,0,0,0,AUZERAIS AV & RACE ST,25,5950.0,34.0,5250.0,28.5,0,24.5,0,179.0,0.08,61,44,52.5
208,2016-01-07,21,37.382667299999994,-121.8956973,MURPHY AV,OAKLAND RD,0,0,0,MURPHY AV & OAKLAND RD,40,3320.0,22.0,45900.0,44.5,0,41.0,0,180.0,0.12,58,42,50.0
209,2017-06-22,1,37.29363370000001,-122.01496019999999,MILLER AV,PROSPECT RD,0,0,0,MILLER AV & PROSPECT RD,35,6150.0,21.0,8300.0,39.0,0,35.0,0,181.0,0.0,83,57,70.0
210,2016-02-19,10,37.3647332,-121.89167250000001,COMMERCIAL ST,OAKLAND RD,0,0,0,COMMERCIAL ST & OAKLAND RD,35,3200.0,35.0,24100.0,36.0,0,33.0,0,182.0,0.17,63,46,54.5
211,2016-04-02,8,37.3355076,-121.80054170000001,TULLY RD,WHITE RD,0,0,0,TULLY RD & WHITE RD,35,4600.0,16.0,12000.0,39.5,0,36.0,0,183.0,0.01,68,48,58.0
212,2016-04-02,13,37.3639472,-121.9289375,AIRPORT PW,AIRPORT BL,0,0,0,AIRPORT PW & AIRPORT BL,35,2500.0,13.0,18350.0,39.0,0,35.0,0,252.0,0.01,68,48,58.0
213,2016-04-02,5,37.3620725,-121.91903710000001,AIRPORT BL,SKYPORT DR,0,0,0,AIRPORT BL & SKYPORT DR,35,4200.0,7.0,16000.0,39.0,0,36.0,0,486.0,0.01,68,48,58.0
214,2017-02-03,7,37.28360610000001,-121.97665729999999,BUCKNALL RD,SAN TOMAS AQUINO RD,0,0,0,BUCKNALL RD & SAN TOMAS AQUINO RD,30,3100.0,6.0,1150.0,31.0,0,27.0,0,184.0,0.13,62,43,52.5
215,2013-12-19,2,37.211053,-121.80694869999999,ALMADEN EX,HARRY RD,0,0,0,ALMADEN EX & HARRY RD,50,21700.0,288.0,20500.0,51.0,0,50.0,0,185.0,0.1,58,42,50.0
216,2017-08-21,20,37.3661718,-121.81906000000001,EAST HILLS DR,GUNN CT,0,0,0,EAST HILLS DR & GUNN CT,25,2080.0,2.0,3800.0,29.5,0,26.5,0,186.0,0.0,80,57,68.5
217,2014-05-07,19,37.3381636,-121.8854751,QUITO RD,S CITY LIMIT,0,0,0,QUITO RD & S CITY LIMIT,35,1500.0,4.0,14700.0,38.0,0,34.5,0,187.0,0.03,75,51,63.0
218,2015-10-27,9,37.292345000000005,-121.880227,CURTNER AV,ALMADEN RD,0,0,0,CURTNER AV & ALMADEN RD,40,7150.0,199.0,30600.0,42.0,0,38.0,0,188.0,0.03,72,51,61.5
219,2015-10-27,5,37.305648600000005,-121.79722269999999,NIEMAN BL,GOLDEN DEW CI (S),0,0,0,NIEMAN BL & GOLDEN DEW CI (S),35,3800.0,57.0,8600.0,39.0,0,35.7,0,211.0,0.03,72,51,61.5
220,2013-03-17,16,37.2362739,-121.9129923,HARWOOD RD,BLOSSOM HILL RD,0,0,0,HARWOOD RD & BLOSSOM HILL RD,25,5000.0,6.0,3100.0,31.0,0,28.3,0,189.0,0.08,68,47,57.5
221,2013-10-20,23,37.24963890000001,-121.8569206,INDIAN AV (L),SANTA TERESA BLVD,0,0,0,INDIAN AV (L) & SANTA TERESA BLVD,30,5280.0,2.0,400.0,32.0,1,28.0,0,191.0,0.04,74,53,63.5
222,2014-12-01,2,37.2553608,-121.8982855,MERIDIAN AV,BRANHAM LN,0,0,0,MERIDIAN AV & BRANHAM LN,35,4950.0,36.0,15700.0,39.0,0,35.5,0,192.0,0.07,61,43,52.0
223,2014-04-15,1,37.38276810000001,-121.92518030000001,COMPONENT DR,FIRST ST,0,0,0,COMPONENT DR & FIRST ST,35,1560.0,1.0,3200.0,37.0,0,32.0,0,194.0,0.02,70,49,59.5
224,2015-01-07,21,37.246838000000004,-121.86769170000001,WINFIELD BLVD,SOUTH END,0,0,0,WINFIELD BLVD & SOUTH END,30,2100.0,8.0,3150.0,34.0,0,31.0,0,195.0,0.12,58,42,50.0
225,2015-12-18,16,37.3438629,-121.87435420000001,SANTA CLARA ST,SEVENTEENTH ST,0,0,0,SANTA CLARA ST & SEVENTEENTH ST,25,4300.0,82.0,16100.0,30.0,0,26.5,0,196.0,0.08,59,42,50.5
226,2013-12-13,8,37.325028100000004,-121.83330670000001,LANAI AV (L),PENSACOLA DR,0,0,0,LANAI AV (L) & PENSACOLA DR,25,2100.0,36.0,6400.0,34.0,1,25.0,0,197.0,0.03,59,44,51.5
227,2014-09-24,20,37.3330193,-121.87132549999998,THIRTEENTH ST,REED ST,0,0,0,THIRTEENTH ST & REED ST,25,3855.0,5.0,1400.0,28.0,0,24.0,0,198.0,0.02,80,57,68.5
228,2013-09-02,0,37.310140000000004,-121.7688909,LITTLEWORTH WY (L),FOWLER RD,0,0,0,LITTLEWORTH WY (L) & FOWLER RD,25,2900.0,0.0,340.0,37.0,1,25.0,0,199.0,0.0,84,58,71.0
229,2014-02-21,19,37.290051899999995,-121.98925940000001,HAMILTON AV,CAMPBELL AV,0,0,0,HAMILTON AV & CAMPBELL AV,35,5650.0,53.0,16550.0,40.0,0,36.0,0,200.0,0.12,65,47,56.0
230,2013-11-20,2,37.2409491,-121.79973500000001,INTERNATIONAL CIR,HOSPITAL PW,0,0,0,INTERNATIONAL CIR & HOSPITAL PW,20,2900.0,3.0,5100.0,23.0,0,21.0,0,201.0,0.06,63,45,54.0
231,2016-10-13,9,37.271593200000005,-121.8229317,HOUNDSHAVEN WY (L),SKYWAY DR,0,0,0,HOUNDSHAVEN WY (L) & SKYWAY DR,30,3100.0,6.0,1700.0,35.5,1,30.0,0,202.0,0.09,76,53,64.5
232,2017-11-17,22,37.3514071,-121.82654609999999,STORY ROAD,CAPITOL EX,0,0,0,STORY ROAD & CAPITOL EX,35,5400.0,117.0,21700.0,37.0,0,34.0,0,203.0,0.14,65,48,56.5
233,2016-10-03,13,37.284172399999996,-121.81433030000001,PALISADE AVE,HELLYER AVE,0,0,0,PALISADE AVE & HELLYER AVE,25,1870.0,9.0,6600.0,31.5,0,28.0,0,204.0,0.0,78,54,66.0
234,2015-11-08,13,37.25028029999999,-121.8588003,SANTA TERESA BL,BLOSSOM HILL RD,0,0,0,SANTA TERESA BL & BLOSSOM HILL RD,40,20000.0,120.0,22100.0,45.0,0,40.5,0,205.0,0.09,66,48,57.0
235,2017-03-15,21,37.221661299999994,-121.8820644,MERIDIAN AV,CAMDEN AV,0,0,0,MERIDIAN AV & CAMDEN AV,35,8750.0,30.0,10800.0,39.3,0,36.0,0,206.0,0.12,67,46,56.5
236,2016-10-24,6,37.263009999999994,-121.87683020000001,BRANHAM LN,ALMADEN EX,0,0,0,BRANHAM LN & ALMADEN EX,40,5290.0,19.0,21000.0,43.0,0,40.3,0,208.0,0.03,73,53,63.0
237,2013-05-09,18,37.250276,-121.77073190000002,HELLYER AV,SILICON VALLEY BL,0,0,0,HELLYER AV & SILICON VALLEY BL,45,7000.0,13.0,4700.0,48.5,0,43.5,0,209.0,0.01,74,51,62.5
238,2017-07-20,2,37.3398099,-121.8431206,KING RD,STORY RD,0,0,0,KING RD & STORY RD,35,8200.0,197.0,17650.0,36.3,0,32.5,0,210.0,0.0,82,59,70.5
239,2014-12-04,12,37.3234954,-121.9238436,SHASTA AV,SAN CARLOS ST,0,0,0,SHASTA AV & SAN CARLOS ST,25,2760.0,5.0,3750.0,29.0,0,28.0,0,212.0,0.03,60,42,51.0
240,2013-06-01,4,37.29000509999999,-121.8978028,COTTLE AV (SCHOOL ZONE),CURTNER AV,0,0,0,COTTLE AV (SCHOOL ZONE) & CURTNER AV,15,2200.0,4.0,3500.0,16.5,0,15.0,0,213.0,0.0,81,56,68.5
241,2015-02-25,5,37.3926092,-121.8342483,PENITENCIA CREEK RD,TOYON AV,0,0,0,PENITENCIA CREEK RD & TOYON AV,25,2000.0,3.0,2600.0,31.0,0,27.5,0,214.0,0.14,64,46,55.0
242,2013-02-28,19,37.2553608,-121.8982855,BRANHAM LN,MERIDIAN AV,0,0,0,BRANHAM LN & MERIDIAN AV,35,6940.0,28.0,17850.0,38.3,0,35.0,0,215.0,0.04,65,46,55.5
243,2016-09-20,7,37.4152016,-121.9531406,FIRST ST,SR-237,0,0,0,FIRST ST & SR-237,35,500.0,8.0,7400.0,39.3,0,35.0,0,217.0,0.0,83,56,69.5
244,2016-12-26,4,37.3438629,-121.87435420000001,SANTA CLARA ST,SEVENTEENTH ST,0,0,0,SANTA CLARA ST & SEVENTEENTH ST,25,4300.0,82.0,16100.0,30.0,0,26.5,0,218.0,0.04,57,40,48.5
245,2014-05-23,0,37.31402070000001,-121.791719,WHITE RD,ABORN RD,0,0,0,WHITE RD & ABORN RD,40,10990.0,71.0,25800.0,43.7,0,39.3,0,219.0,0.04,77,54,65.5
246,2016-07-11,20,37.31669229999999,-121.9144608,PARKMOOR AV,MERIDIAN AV,0,0,0,PARKMOOR AV & MERIDIAN AV,30,2000.0,12.0,10250.0,33.0,0,29.0,0,220.0,0.0,83,58,70.5
247,2014-04-28,2,37.2182497,-121.8783639,McABEE RD,LEYLAND PARK DR,0,0,0,McABEE RD & LEYLAND PARK DR,25,1550.0,1.0,3100.0,29.0,0,27.0,0,221.0,0.05,72,51,61.5
248,2015-12-17,12,37.3354556,-121.9034381,JULIAN ST,MONTGOMERY ST,0,0,0,JULIAN ST & MONTGOMERY ST,30,3100.0,46.0,11200.0,35.0,0,30.0,0,222.0,0.06,59,41,50.0
249,2017-08-09,7,37.2545815,-121.86632409999999,THORNWOOD DR,WINFIELD BL,0,0,0,THORNWOOD DR & WINFIELD BL,35,2300.0,11.0,13300.0,39.0,0,36.0,0,223.0,0.0,83,60,71.5
250,2014-10-22,0,37.3285906,-121.8806331,FOURTH ST,REED ST,0,0,0,FOURTH ST & REED ST,30,5700.0,67.0,11950.0,30.5,0,26.5,0,224.0,0.0,73,53,63.0
251,2017-12-22,23,37.2930779,-121.87461940000001,CANOAS GARDEN AV,CURTNER AV,0,0,0,CANOAS GARDEN AV & CURTNER AV,30,800.0,8.0,2250.0,31.0,0,28.0,0,225.0,0.11,55,40,47.5
252,2014-10-06,1,37.2435756,-121.9461822,LOS GATOS-ALMADEN RD,CAMINO DEL CERRO,0,0,0,LOS GATOS-ALMADEN RD & CAMINO DEL CERRO,35,9650.0,14.0,6400.0,38.7,0,35.0,0,226.0,0.0,78,55,66.5
253,2014-10-06,14,37.3639472,-121.9289375,GATEWAY PL,AIRPORT PW,0,0,0,GATEWAY PL & AIRPORT PW,30,1260.0,2.0,4500.0,30.0,0,27.0,0,399.0,0.0,78,55,66.5
254,2013-02-09,18,37.3728843,-121.8853451,SIERRA RD,300' E/O HAZLETT WY,0,0,0,SIERRA RD & 300' E/O HAZLETT WY,25,1690.0,1.0,2250.0,31.5,0,27.5,0,227.0,0.1,61,45,53.0
255,2014-03-08,10,37.2148343,-121.867204,BOSE LN,HAMPTON DR,0,0,0,BOSE LN & HAMPTON DR,25,2380.0,0.0,1300.0,29.5,0,25.5,0,228.0,0.05,66,46,56.0
256,2014-03-08,12,37.33191070000001,-121.9038604,SANTA CLARA ST,STOCKTON AV,0,0,0,SANTA CLARA ST & STOCKTON AV,30,2250.0,25.0,16950.0,34.0,0,30.0,0,349.0,0.05,66,46,56.0
257,2017-05-25,8,37.3451151,-121.90190030000001,HOBSON ST,WEST END,0,0,0,HOBSON ST & WEST END,25,1160.0,1.0,500.0,28.0,0,23.0,0,229.0,0.01,76,54,65.0
258,2013-12-22,10,37.218397700000004,-121.9078203,GUADALUPE MINES RD,S CITY LIMIT,0,0,0,GUADALUPE MINES RD & S CITY LIMIT,35,3000.0,3.0,2950.0,38.0,0,34.0,0,230.0,0.11,55,40,47.5
259,2013-07-24,18,37.3283593,-121.8853371,WILLIAM ST,MARKET ST,0,0,0,WILLIAM ST & MARKET ST,25,3700.0,60.0,7450.0,26.5,0,23.5,0,231.0,0.0,82,60,71.0
260,2016-12-16,1,37.3075549,-121.8740572,BARNARD AV,LITTLE ORCHARD ST,0,0,0,BARNARD AV & LITTLE ORCHARD ST,25,2010.0,2.0,1550.0,28.5,0,23.5,0,232.0,0.05,59,41,50.0
261,2017-08-10,8,37.4261842,-121.97609209999999,TAYLOR ST,GOLD ST,0,0,0,TAYLOR ST & GOLD ST,25,330.0,1.0,5100.0,24.0,0,21.0,0,233.0,0.0,83,59,71.0
262,2013-04-05,13,37.3319383,-121.93461129999999,HEDDING ST,BASCOM AV,0,0,0,HEDDING ST & BASCOM AV,35,4600.0,23.0,7000.0,38.5,0,35.0,0,235.0,0.03,69,47,58.0
263,2014-04-21,19,37.31865450000001,-121.8653994,TENTH ST,HUMBOLDT ST,0,0,0,TENTH ST & HUMBOLDT ST,35,3000.0,28.0,11000.0,42.0,0,37.0,0,236.0,0.04,72,51,61.5
264,2014-12-14,2,37.2363591,-121.9036358,CAMDEN AV,BLOSSOM HILL RD,0,0,0,CAMDEN AV & BLOSSOM HILL RD,40,9000.0,22.0,23600.0,44.3,0,40.3,0,237.0,0.13,58,44,51.0
265,2017-03-24,1,37.3215618,-121.8043469,SCOTTSDALE DR (L),QUIMBY RD,0,0,0,SCOTTSDALE DR (L) & QUIMBY RD,25,4200.0,7.0,2000.0,32.0,1,25.0,0,238.0,0.11,66,47,56.5
266,2016-05-14,14,37.3278842,-121.83950049999999,HAVANA DR,MIDFILED AV,0,0,0,HAVANA DR & MIDFILED AV,25,1850.0,6.0,4250.0,28.0,0,24.5,0,239.0,0.0,75,52,63.5
267,2016-07-26,16,37.3639472,-121.9289375,TERMINAL DR (L),AIRPORT BL,0,0,0,TERMINAL DR (L) & AIRPORT BL,25,2000.0,36.0,10000.0,29.0,1,25.0,0,240.0,0.0,83,58,70.5
268,2017-08-06,5,37.299331,-121.771281,YERBA BUENA RD,SAN FELIPE RD,0,0,0,YERBA BUENA RD & SAN FELIPE RD,40,7775.0,13.0,10750.0,44.3,0,40.3,0,242.0,0.0,83,59,71.0
269,2015-10-21,23,37.310359399999996,-122.0135873,BOLLINGER RD,MILLER AV,0,0,0,BOLLINGER RD & MILLER AV,35,5100.0,35.0,17650.0,39.0,0,36.0,0,243.0,0.02,73,53,63.0
270,2017-03-25,13,37.3245453,-121.90050359999998,SAN CARLOS ST,BIRD AV,0,0,0,SAN CARLOS ST & BIRD AV,35,2180.0,18.0,6250.0,39.0,0,35.0,0,244.0,0.09,66,47,56.5
271,2017-05-06,6,37.2659258,-121.85679760000001,NARVAEZ AV,BRANHAM LN,0,0,0,NARVAEZ AV & BRANHAM LN,35,3440.0,8.0,7900.0,39.0,0,37.0,0,245.0,0.02,74,52,63.0
272,2017-06-11,5,37.260252,-121.9464383,WOODARD RD,BASCOM AV,0,0,0,WOODARD RD & BASCOM AV,30,4385.0,4.0,3650.0,33.5,0,29.5,0,246.0,0.0,77,55,66.0
273,2014-07-17,16,37.259393599999996,-121.89030109999999,JARVIS AV,BRANHAM LN,0,0,0,JARVIS AV & BRANHAM LN,30,5400.0,9.0,3850.0,34.5,0,31.0,0,247.0,0.0,83,59,71.0
274,2014-07-17,23,37.3330193,-121.87132549999998,THIRTEENTH ST,REED ST,0,0,0,THIRTEENTH ST & REED ST,25,3855.0,5.0,1400.0,28.0,0,24.0,0,467.0,0.0,83,59,71.0
275,2017-04-26,21,37.309496700000004,-121.9934219,WILLIAMS RD,MOORPARK AV,0,0,0,WILLIAMS RD & MOORPARK AV,35,12800.0,45.0,7300.0,39.3,0,35.7,0,248.0,0.0,73,50,61.5
276,2014-03-05,9,37.2517475,-121.9466889,SAMARITAN DR,BASCOM AV,0,0,0,SAMARITAN DR & BASCOM AV,30,2850.0,4.0,10250.0,35.0,0,31.0,0,249.0,0.12,63,47,55.0
277,2013-01-11,16,37.3153742,-121.89085359999999,PREVOST ST,MINNESOTA AV,0,0,0,PREVOST ST & MINNESOTA AV,25,1645.0,2.0,750.0,26.0,0,23.0,0,250.0,0.04,58,42,50.0
278,2014-12-26,15,37.310359399999996,-122.0135873,BOLLINGER RD,MILLER AV,0,0,0,BOLLINGER RD & MILLER AV,35,5100.0,35.0,17650.0,39.0,0,36.0,0,251.0,0.04,57,40,48.5
279,2015-10-26,4,37.332954799999996,-121.8676652,SEVENTH ST,MARGARET WY,0,0,0,SEVENTH ST & MARGARET WY,25,2000.0,24.0,10350.0,32.0,0,28.0,0,253.0,0.1,73,51,62.0
280,2017-12-12,21,37.2584572,-121.7859423,FONTANOSO AV,SILVER CREEK VALLEY RD,0,0,0,FONTANOSO AV & SILVER CREEK VALLEY RD,35,2000.0,0.0,1250.0,39.0,0,34.0,0,254.0,0.12,58,43,50.5
281,2014-01-25,14,37.309496700000004,-121.9934219,WILLIAMS RD,MOORPARK AV,0,0,0,WILLIAMS RD & MOORPARK AV,35,12800.0,45.0,7300.0,39.3,0,35.7,0,255.0,0.09,60,43,51.5
282,2013-11-11,17,37.3359996,-121.87753570000001,SAN CARLOS ST,TENTH ST,0,0,0,SAN CARLOS ST & TENTH ST,25,2260.0,10.0,2700.0,27.5,0,23.5,0,256.0,0.08,66,47,56.5
283,2013-11-11,19,37.4036297,-121.98749199999999,TASMAN DR,WEST CITY LIMIT,0,0,0,TASMAN DR & WEST CITY LIMIT,35,5000.0,15.0,13600.0,39.5,0,36.0,0,443.0,0.08,66,47,56.5
284,2013-10-06,19,37.2867515,-121.96633229999999,CAMPBELL AV,ABBEY LN,0,0,0,CAMPBELL AV & ABBEY LN,35,2300.0,5.0,22800.0,38.0,0,34.0,0,257.0,0.0,78,55,66.5
285,2013-08-04,9,37.3319383,-121.93461129999999,HEDDING ST,BASCOM AV,0,0,0,HEDDING ST & BASCOM AV,35,4600.0,23.0,7000.0,38.5,0,35.0,0,258.0,0.0,82,59,70.5
286,2016-10-14,18,37.247494700000004,-121.95032069999999,CARLTON AV,NATIONAL AV,0,0,0,CARLTON AV & NATIONAL AV,30,5525.0,6.0,2550.0,33.0,0,29.5,0,259.0,0.0,77,53,65.0
287,2014-03-15,6,37.299517,-122.0323481,RAINBOW DR,DE ANZA BL,0,0,0,RAINBOW DR & DE ANZA BL,35,7900.0,21.0,3675.0,38.0,0,34.0,0,260.0,0.12,67,46,56.5
288,2014-12-20,13,37.221661299999994,-121.8820644,MERIDIAN AV,CAMDEN AV,0,0,0,MERIDIAN AV & CAMDEN AV,35,8750.0,30.0,10800.0,39.3,0,36.0,0,261.0,0.1,57,41,49.0
289,2017-07-25,9,37.24255540000001,-121.87506100000002,COLEMAN RD,ALMADEN EX,0,0,0,COLEMAN RD & ALMADEN EX,40,4350.0,29.0,21300.0,44.0,0,40.0,0,262.0,0.0,82,59,70.5
290,2015-10-02,20,37.3799064,-121.90912959999999,JUNCTION AV,BROKAW RD,0,0,0,JUNCTION AV & BROKAW RD,40,9600.0,10.0,8850.0,40.3,0,37.3,0,263.0,0.01,77,56,66.5
291,2014-11-28,2,37.32918799999999,-121.9010384,SAN FERNANDO ST,MONTGOMERY ST,0,0,0,SAN FERNANDO ST & MONTGOMERY ST,25,8166.0,47.0,8750.0,29.0,0,25.7,0,264.0,0.08,60,43,51.5
292,2017-08-15,4,37.310120899999994,-122.0105367,HYDE AV (L),BOLLINGER RD,0,0,0,HYDE AV (L) & BOLLINGER RD,25,3200.0,5.0,1900.0,30.0,1,25.0,0,266.0,0.0,82,59,70.5
293,2015-05-28,8,37.3904627,-121.842445,PIEDMONT RD,PENITENCIA CREEK RD,0,0,0,PIEDMONT RD & PENITENCIA CREEK RD,35,5500.0,42.0,13600.0,38.3,0,34.0,0,267.0,0.03,76,54,65.0
294,2013-02-27,13,37.341500200000006,-121.8060084,WHITE RD,CUNNINGHAM AV,0,0,0,WHITE RD & CUNNINGHAM AV,35,21367.0,165.0,20950.0,39.5,0,36.0,0,268.0,0.2,64,46,55.0
295,2014-01-21,17,37.386710799999996,-121.83190359999999,GOLF DR (L),TOYON  AV,0,0,0,GOLF DR (L) & TOYON  AV,25,1980.0,3.0,1500.0,35.0,1,25.0,0,269.0,0.07,59,42,50.5
296,2016-06-06,4,37.3376264,-121.9192495,TAYLOR ST,THE ALAMEDA,0,0,0,TAYLOR ST & THE ALAMEDA,35,3100.0,28.0,10300.0,38.0,0,34.0,0,270.0,0.01,76,55,65.5
297,2014-11-19,2,37.3353685,-121.89661670000001,ST JOHN ST,ALMADEN BL,0,0,0,ST JOHN ST & ALMADEN BL,20,6890.0,39.0,3000.0,25.5,0,22.0,0,272.0,0.03,64,46,55.0
298,2015-08-01,4,37.3662643,-121.91513629999999,SKYPORT DR,SR-87,0,0,0,SKYPORT DR & SR-87,40,2000.0,20.0,7500.0,41.0,0,36.0,0,273.0,0.0,83,58,70.5
299,2014-12-17,13,37.289607600000004,-121.87161189999999,CANOAS GARDEN AV,SANDS DR,0,0,0,CANOAS GARDEN AV & SANDS DR,35,1550.0,4.0,7100.0,36.0,0,33.0,0,275.0,0.06,59,41,50.0
300,2014-12-17,13,37.2714633,-121.84562849999999,BLUEFIELD DR (L),CAPITOL EX,0,0,0,BLUEFIELD DR (L) & CAPITOL EX,25,4700.0,12.0,13000.0,34.0,1,25.0,0,374.0,0.06,59,41,50.0
301,2016-01-09,21,37.33191070000001,-121.9038604,STOCKTON AV,THE ALAMEDA,0,0,0,STOCKTON AV & THE ALAMEDA,30,4200.0,30.0,7700.0,34.5,0,30.5,0,276.0,0.11,59,44,51.5
302,2016-10-11,11,37.3255657,-121.94500020000001,STEVENS CREEK BL,I-880,0,0,0,STEVENS CREEK BL & I-880,35,2500.0,37.0,22000.0,36.0,0,32.0,0,277.0,0.0,76,53,64.5
303,2013-02-01,9,37.3398608,-121.89530309999999,JULIAN ST,MARKET ST,0,0,0,JULIAN ST & MARKET ST,25,1300.0,199.0,7600.0,31.0,0,25.0,0,278.0,0.02,61,43,52.0
304,2016-11-05,14,37.2938456,-122.02367679999999,BLANEY AV,PROSPECT RD,0,0,0,BLANEY AV & PROSPECT RD,30,4750.0,4.0,3900.0,33.0,0,29.5,0,279.0,0.0,69,48,58.5
305,2015-05-14,16,37.2802166,-121.93175919999999,DRY CREEK RD,BASCOM AV,0,0,0,DRY CREEK RD & BASCOM AV,25,10520.0,12.0,1850.0,29.7,0,28.3,0,280.0,0.0,75,52,63.5
306,2013-08-14,12,37.294436100000006,-121.9136179,HAMILTON AV,MERIDIAN AV,0,0,0,HAMILTON AV & MERIDIAN AV,35,2700.0,24.0,14550.0,38.0,0,35.0,0,281.0,0.0,82,59,70.5
307,2013-06-06,14,37.26192100000001,-121.921139,HILLSDALE AV,CAMDEN AV,0,0,0,HILLSDALE AV & CAMDEN AV,40,2350.0,20.0,19700.0,41.5,0,37.5,0,282.0,0.01,76,55,65.5
308,2013-06-06,11,37.3278842,-121.83950049999999,HAVANA DR,MIDFILED AV,0,0,0,HAVANA DR & MIDFILED AV,25,1850.0,6.0,4250.0,28.0,0,24.5,0,354.0,0.01,76,55,65.5
309,2017-12-07,16,37.2589744,-121.81940209999999,EDENVALE AV,CHYNOWETH AV,0,0,0,EDENVALE AV & CHYNOWETH AV,30,2200.0,2.0,3650.0,34.0,0,32.0,0,283.0,0.08,61,44,52.5
310,2017-12-07,14,37.4036297,-121.98749199999999,TASMAN DR,WEST CITY LIMIT,0,0,0,TASMAN DR & WEST CITY LIMIT,35,5000.0,15.0,13600.0,39.5,0,36.0,0,420.0,0.08,61,44,52.5
311,2014-01-24,4,37.3788219,-121.8518419,MABURY RD,CAPITOL AV,0,0,0,MABURY RD & CAPITOL AV,35,3400.0,16.0,10250.0,39.0,0,36.0,0,284.0,0.19,60,43,51.5
312,2015-04-21,3,37.296077399999994,-121.7850024,YERBA BUENA RD,SILVER CREEK VALLEY RD,0,0,0,YERBA BUENA RD & SILVER CREEK VALLEY RD,45,3740.0,26.0,25700.0,48.0,0,43.5,0,285.0,0.04,72,51,61.5
313,2015-04-21,16,37.39681270000001,-121.8717374,HOSTETTER RD,CAPITOL AV,0,0,0,HOSTETTER RD & CAPITOL AV,35,7300.0,28.0,14300.0,39.5,0,35.5,0,373.0,0.04,72,51,61.5
314,2013-03-14,17,37.3438629,-121.87435420000001,SEVENTEENTH ST,SANTA CLARA ST,0,0,0,SEVENTEENTH ST & SANTA CLARA ST,25,7300.0,21.0,2600.0,29.7,0,27.0,0,286.0,0.04,66,47,56.5
315,2013-03-14,7,37.386710799999996,-121.83190359999999,GOLF DR (L),TOYON  AV,0,0,0,GOLF DR (L) & TOYON  AV,25,1980.0,3.0,1500.0,35.0,1,25.0,0,341.0,0.04,66,47,56.5
316,2017-01-01,20,37.366806200000006,-121.8694729,MABURY RD,KING RD,0,0,0,MABURY RD & KING RD,40,6650.0,32.0,12400.0,41.5,0,38.0,0,287.0,0.15,58,42,50.0
317,2015-12-09,14,37.2570987,-121.79310500000001,COYOTE RD,SILVER CREEK VALLEY RD,0,0,0,COYOTE RD & SILVER CREEK VALLEY RD,35,9900.0,12.0,8700.0,37.5,0,34.5,0,288.0,0.08,61,44,52.5
318,2014-08-05,7,37.310120899999994,-122.0105367,HYDE AV (L),BOLLINGER RD,0,0,0,HYDE AV (L) & BOLLINGER RD,25,3200.0,5.0,1900.0,30.0,1,25.0,0,289.0,0.0,82,58,70.0
319,2014-08-05,5,37.33191070000001,-121.9038604,SANTA CLARA ST,STOCKTON AV,0,0,0,SANTA CLARA ST & STOCKTON AV,30,2250.0,25.0,16950.0,34.0,0,30.0,0,471.0,0.0,82,58,70.0
320,2017-08-08,12,37.226786100000005,-121.77684509999999,SANTA TERESA BL,BERNAL RD,0,0,0,SANTA TERESA BL & BERNAL RD,45,9000.0,45.0,17100.0,47.5,0,43.3,0,291.0,0.0,85,60,72.5
321,2013-10-05,2,37.2300476,-121.79355349999999,PURPLE HILLS DR,SAN ANSELMO WY,0,0,0,PURPLE HILLS DR & SAN ANSELMO WY,25,2290.0,0.0,500.0,28.0,0,24.5,0,292.0,0.01,78,54,66.0
322,2015-08-08,5,37.2616794,-121.93142409999999,UNION AV,CAMDEN AV,0,0,0,UNION AV & CAMDEN AV,35,4800.0,22.0,17500.0,38.5,0,35.0,0,293.0,0.0,85,60,72.5
323,2014-12-11,9,37.296077399999994,-121.7850024,YERBA BUENA RD,SILVER CREEK VALLEY RD,0,0,0,YERBA BUENA RD & SILVER CREEK VALLEY RD,45,3740.0,26.0,25700.0,48.0,0,43.5,0,294.0,0.1,59,44,51.5
324,2017-02-07,2,37.3944754,-121.8884696,QUME DR,COMMERCE DR,0,0,0,QUME DR & COMMERCE DR,35,2330.0,0.0,1700.0,39.0,0,34.0,0,295.0,0.11,61,45,53.0
325,2014-04-22,10,37.365241,-121.85001399999999,JACKSON AV,McKEE RD,0,0,0,JACKSON AV & McKEE RD,35,7530.0,49.0,15150.0,38.5,0,35.0,0,296.0,0.03,73,51,62.0
326,2014-07-03,17,37.2944271,-121.93179450000001,BASCOM AV,HAMILTON AV,0,0,0,BASCOM AV & HAMILTON AV,35,6000.0,52.0,22150.0,39.0,0,35.5,0,297.0,0.0,82,58,70.0
327,2014-07-03,21,37.2602948,-121.85460800000001,CHYNOWETH AV,NEW WORLD DR,0,0,0,CHYNOWETH AV & NEW WORLD DR,30,2150.0,3.0,2900.0,34.0,0,31.0,0,392.0,0.0,82,58,70.0
328,2017-03-10,13,37.368711,-121.84494280000001,McKEE RD,US 101,0,0,0,McKEE RD & US 101,35,2100.0,103.0,31700.0,37.0,0,33.0,0,298.0,0.17,66,47,56.5
329,2017-03-08,13,37.2326407,-121.7721442,SAN IGNACIO AV,BERNAL RD,0,0,0,SAN IGNACIO AV & BERNAL RD,40,1850.0,6.0,17600.0,42.0,0,36.0,0,299.0,0.05,66,46,56.0
330,2016-10-04,20,37.3208766,-121.9111988,AUZERAIS AV,RACE ST,0,0,0,AUZERAIS AV & RACE ST,25,5950.0,34.0,5250.0,28.5,0,24.5,0,300.0,0.02,77,55,66.0
331,2016-04-03,7,37.250660499999995,-121.8713791,SANCHEZ DR,BLOSSOM HILL RD,0,0,0,SANCHEZ DR & BLOSSOM HILL RD,35,1880.0,1.0,5550.0,39.0,0,35.5,0,301.0,0.08,68,48,58.0
332,2013-06-16,17,37.33878989999999,-121.891369,ST JAMES ST,FOURTH ST,0,0,0,ST JAMES ST & FOURTH ST,25,5050.0,51.0,5150.0,28.5,0,25.0,0,302.0,0.03,81,56,68.5
333,2017-05-20,4,37.3309086,-121.88853590000002,MARKET ST,SAN CARLOS ST,0,0,0,MARKET ST & SAN CARLOS ST,25,3900.0,95.0,24300.0,30.0,0,25.5,0,303.0,0.01,76,54,65.0
334,2014-07-08,18,37.2802166,-121.93175919999999,DRY CREEK RD,BASCOM AV,0,0,0,DRY CREEK RD & BASCOM AV,25,10520.0,12.0,1850.0,29.7,0,28.3,0,304.0,0.0,84,57,70.5
335,2013-06-28,18,37.2278136,-121.79917830000001,CAMINO VERDE DR,CURIE DR,0,0,0,CAMINO VERDE DR & CURIE DR,25,3550.0,10.0,2900.0,30.0,0,27.5,0,305.0,0.0,81,58,69.5
336,2013-11-28,2,37.36342,-121.91287790000001,SONORA AV (L),GUADALUPE PW,0,0,0,SONORA AV (L) & GUADALUPE PW,25,1760.0,2.0,4000.0,31.0,1,25.0,0,306.0,0.08,60,43,51.5
337,2013-11-28,15,37.3905034,-121.85959820000001,OHLONE DR (L),CAPITOL AV,0,0,0,OHLONE DR (L) & CAPITOL AV,30,1850.0,9.0,3250.0,33.0,1,29.0,0,487.0,0.08,60,43,51.5
338,2017-09-08,6,37.2805049,-121.8887318,COTTLE AV,KOCH LN,0,0,0,COTTLE AV & KOCH LN,25,6400.0,1.0,1850.0,29.8,0,26.8,0,307.0,0.01,83,57,70.0
339,2017-09-18,9,37.2278813,-121.80375330000001,CURIE DR,COTTLE RD,0,0,0,CURIE DR & COTTLE RD,30,3760.0,0.0,1850.0,33.0,0,29.0,0,308.0,0.0,80,58,69.0
340,2015-07-02,16,37.2601844,-121.8546273,CHYNOWETH AV,750' W/O DUESENBERG DR,0,0,0,CHYNOWETH AV & 750' W/O DUESENBERG DR,30,3400.0,6.0,3250.0,33.5,0,29.0,0,309.0,0.0,83,59,71.0
341,2016-01-27,12,37.267871,-121.90465479999999,MERIDIAN AV,HILLSDALE AV,0,0,0,MERIDIAN AV & HILLSDALE AV,35,7300.0,54.0,24050.0,39.5,0,37.0,0,310.0,0.18,60,44,52.0
342,2015-04-06,9,37.3620725,-121.91903710000001,AIRPORT BL,SKYPORT DR,0,0,0,AIRPORT BL & SKYPORT DR,35,4200.0,7.0,16000.0,39.0,0,36.0,0,311.0,0.03,69,49,59.0
343,2013-06-17,23,37.3128245,-121.8791045,VINE ST,ALMA AV,0,0,0,VINE ST & ALMA AV,30,4900.0,42.0,7050.0,32.7,0,30.3,0,312.0,0.0,81,56,68.5
344,2016-02-26,21,37.3195534,-121.8767483,SECOND ST,HUMBOLDT ST,0,0,0,SECOND ST & HUMBOLDT ST,30,3575.0,32.0,4900.0,34.0,0,30.0,0,315.0,0.08,64,46,55.0
345,2013-10-10,7,37.243188700000005,-121.88953049999999,MERIDIAN AV,BLOSSOM HILL RD,0,0,0,MERIDIAN AV & BLOSSOM HILL RD,35,5200.0,17.0,21000.0,37.7,0,33.7,0,316.0,0.03,77,53,65.0
346,2016-12-14,19,37.288324100000004,-121.9057206,DRY CREEK RD (SCHOOL ZONE),CHERRY AV,0,0,0,DRY CREEK RD (SCHOOL ZONE) & CHERRY AV,15,1350.0,2.0,2100.0,16.5,0,15.0,0,317.0,0.13,58,44,51.0
347,2017-03-16,7,37.26503900000001,-121.940304,CRYSTAL SPRINGS DR (L),CAMDEN AV,0,0,0,CRYSTAL SPRINGS DR (L) & CAMDEN AV,25,4325.0,4.0,650.0,39.0,1,25.0,0,318.0,0.06,67,48,57.5
348,2015-07-03,17,37.292345000000005,-121.880227,CURTNER AV,ALMADEN RD,0,0,0,CURTNER AV & ALMADEN RD,40,7150.0,199.0,30600.0,42.0,0,38.0,0,319.0,0.0,82,58,70.0
349,2017-01-25,17,37.2589165,-121.8103055,SHENADO PL (L),CHYNOWETH AV,0,0,0,SHENADO PL (L) & CHYNOWETH AV,30,950.0,2.0,4000.0,37.0,1,30.0,0,320.0,0.09,60,43,51.5
350,2017-06-01,22,37.31244279999999,-121.9039513,LINCOLN AV,COE AV,0,0,0,LINCOLN AV & COE AV,35,5400.0,19.0,9900.0,38.0,0,34.5,0,321.0,0.0,81,56,68.5
351,2017-11-24,6,37.339710100000005,-121.88990659999999,THIRD ST,JULIAN ST,0,0,0,THIRD ST & JULIAN ST,30,5615.0,178.0,9059.0,30.5,0,30.0,0,322.0,0.09,61,44,52.5
352,2017-09-12,10,37.3474486,-121.8975432,SECOND ST,JACKSON ST,0,0,0,SECOND ST & JACKSON ST,25,914.0,4.0,2950.0,29.0,0,26.0,0,323.0,0.0,81,57,69.0
353,2015-07-09,2,37.3273665,-121.9502301,FOREST AV,WINCHESTER BL,0,0,0,FOREST AV & WINCHESTER BL,35,5275.0,19.0,12200.0,38.0,0,34.5,0,324.0,0.0,83,58,70.5
354,2014-09-09,20,37.3376555,-121.8188095,CUNNINGHAM AV,CAPITOL EX,0,0,0,CUNNINGHAM AV & CAPITOL EX,35,3520.0,9.0,4100.0,38.5,0,35.0,0,325.0,0.01,80,57,68.5
355,2014-09-09,20,37.190929100000005,-121.74981229999999,MONTEREY RD,BAILEY AV,0,0,0,MONTEREY RD & BAILEY AV,55,28000.0,79.0,15150.0,57.8,0,51.3,0,329.0,0.01,80,57,68.5
356,2014-09-09,4,37.294436100000006,-121.9136179,HAMILTON AV,MERIDIAN AV,0,0,0,HAMILTON AV & MERIDIAN AV,35,2700.0,24.0,14550.0,38.0,0,35.0,0,362.0,0.01,80,57,68.5
357,2014-08-23,18,37.332954799999996,-121.8676652,MARGARET WY (L),FIFTH ST,0,0,0,MARGARET WY (L) & FIFTH ST,25,800.0,12.0,5100.0,34.0,1,25.0,0,326.0,0.0,82,58,70.0
358,2016-05-02,4,37.3374044,-121.95019429999999,NEWHALL ST,WINCHESTER BL,0,0,0,NEWHALL ST & WINCHESTER BL,35,3000.0,11.0,9980.0,38.5,0,35.0,0,327.0,0.02,73,52,62.5
359,2017-01-12,19,37.311381700000005,-121.86882479999998,PHELAN AV,MONTEREY RD,0,0,0,PHELAN AV & MONTEREY RD,25,4830.0,19.0,7950.0,29.5,0,26.5,0,328.0,0.09,58,41,49.5
360,2014-02-22,14,37.2081931,-121.8689523,ECHO VALLEY DR,HILLCREST DR,0,0,0,ECHO VALLEY DR & HILLCREST DR,25,3350.0,1.0,650.0,29.0,0,26.0,0,331.0,0.08,64,46,55.0
361,2016-11-10,5,37.3652228,-121.91699299999999,TECHNOLOGY DR,SKYPORT DR,0,0,0,TECHNOLOGY DR & SKYPORT DR,35,2200.0,8.0,10400.0,38.0,0,33.0,0,332.0,0.13,66,49,57.5
362,2013-05-27,4,37.33878989999999,-121.891369,ST JAMES ST,FOURTH ST,0,0,0,ST JAMES ST & FOURTH ST,25,5050.0,51.0,5150.0,28.5,0,25.0,0,335.0,0.06,75,55,65.0
363,2016-03-11,8,37.3359996,-121.87753570000001,SAN CARLOS ST,TENTH ST,0,0,0,SAN CARLOS ST & TENTH ST,25,2260.0,10.0,2700.0,27.5,0,23.5,0,336.0,0.05,67,47,57.0
364,2016-06-01,14,37.2784989,-121.8782507,FOXWORTHY AV,OLD ALMADEN RD,0,0,0,FOXWORTHY AV & OLD ALMADEN RD,35,1950.0,14.0,10100.0,38.0,0,34.0,0,337.0,0.0,81,56,68.5
365,2016-02-12,7,37.365241,-121.85001399999999,JACKSON AV,McKEE RD,0,0,0,JACKSON AV & McKEE RD,35,7530.0,49.0,15150.0,38.5,0,35.0,0,338.0,0.15,63,45,54.0
366,2014-01-08,6,37.26192100000001,-121.921139,HILLSDALE AV,CAMDEN AV,0,0,0,HILLSDALE AV & CAMDEN AV,40,2350.0,20.0,19700.0,41.5,0,37.5,0,339.0,0.03,59,43,51.0
367,2014-08-28,0,37.31402070000001,-121.791719,WHITE RD,ABORN RD,0,0,0,WHITE RD & ABORN RD,40,10990.0,71.0,25800.0,43.7,0,39.3,0,340.0,0.0,85,59,72.0
368,2013-01-22,7,37.314081200000004,-121.9049074,GLEN EYRIE AV (L),LINCOLN AV,0,0,0,GLEN EYRIE AV (L) & LINCOLN AV,25,3750.0,11.0,1500.0,30.0,1,25.0,0,342.0,0.13,58,42,50.0
369,2016-08-18,22,37.260252,-121.9464383,WOODARD RD,BASCOM AV,0,0,0,WOODARD RD & BASCOM AV,30,4385.0,4.0,3650.0,33.5,0,29.5,0,343.0,0.0,80,58,69.0
370,2013-10-23,1,37.3190223,-121.87906869999999,GOODYEAR ST,GRAHAM AV,0,0,0,GOODYEAR ST & GRAHAM AV,25,550.0,5.0,9850.0,29.0,0,27.0,0,344.0,0.05,73,53,63.0
371,2013-10-23,0,37.281246100000004,-121.7587554,FARNSWORTH DR,SAN FELIPE RD,0,0,0,FARNSWORTH DR & SAN FELIPE RD,35,5200.0,4.0,9250.0,39.0,0,35.5,0,475.0,0.05,73,53,63.0
372,2014-05-16,1,37.220763899999994,-121.78259979999999,BERNAL RD,HEATON MOOR DR (175' W/O),0,0,0,BERNAL RD & HEATON MOOR DR (175' W/O),35,2800.0,9.0,6000.0,39.0,0,35.0,0,345.0,0.06,74,52,63.0
373,2014-05-16,3,37.354220500000004,-121.9071507,YOUNGER AV,SAN PEDRO ST,0,0,0,YOUNGER AV & SAN PEDRO ST,25,1865.0,1.0,1600.0,25.0,0,22.0,0,369.0,0.06,74,52,63.0
374,2016-06-20,1,37.2714633,-121.84562849999999,BLUEFIELD DR (L),CAPITOL EX,0,0,0,BLUEFIELD DR (L) & CAPITOL EX,25,4700.0,12.0,13000.0,34.0,1,25.0,0,346.0,0.0,81,56,68.5
375,2017-03-13,0,37.3054494,-121.8515061,TENTH ST,TULLY RD,0,0,0,TENTH ST & TULLY RD,40,5000.0,37.0,12800.0,42.5,0,39.0,0,348.0,0.14,66,47,56.5
376,2017-03-13,2,37.320182,-121.89770700000001,VIRGINIA ST,BIRD AV,0,0,0,VIRGINIA ST & BIRD AV,25,7260.0,33.0,4400.0,27.3,0,24.0,0,435.0,0.14,66,47,56.5
377,2013-07-11,9,37.2434173,-121.9312611,UNION AV,LOS GATOS-ALMADEN RD,0,0,0,UNION AV & LOS GATOS-ALMADEN RD,35,2600.0,22.0,20200.0,40.0,0,36.0,0,350.0,0.0,83,58,70.5
378,2013-09-14,11,37.329961499999996,-121.950224,HEDDING ST,WINCHESTER BL,0,0,0,HEDDING ST & WINCHESTER BL,35,4800.0,17.0,10850.0,39.0,0,36.0,0,351.0,0.0,79,58,68.5
379,2014-10-07,18,37.3305315,-121.88495800000001,SECOND ST,SAN SALVADOR ST,0,0,0,SECOND ST & SAN SALVADOR ST,20,3250.0,41.0,5500.0,23.0,0,18.0,0,352.0,0.01,78,55,66.5
380,2015-05-12,14,37.3820331,-121.89563400000002,OAKLAND RD,US 101,0,0,0,OAKLAND RD & US 101,40,9775.0,85.0,24550.0,43.0,0,39.3,0,353.0,0.01,75,51,63.0
381,2015-12-13,2,37.342054499999996,-121.89068119999999,FOURTH ST,JULIAN ST,0,0,0,FOURTH ST & JULIAN ST,30,7200.0,46.0,7250.0,35.0,0,30.5,0,355.0,0.03,59,44,51.5
382,2015-08-05,9,37.276974100000004,-121.8420548,SNELL AV,CAPITOL EX,0,0,0,SNELL AV & CAPITOL EX,40,2350.0,18.0,13750.0,43.0,0,39.0,0,356.0,0.0,82,58,70.0
383,2013-12-06,3,37.32918799999999,-121.9010384,SAN FERNANDO ST,MONTGOMERY ST,0,0,0,SAN FERNANDO ST & MONTGOMERY ST,25,8166.0,47.0,8750.0,29.0,0,25.7,0,357.0,0.07,61,45,53.0
384,2013-12-06,20,37.273006200000005,-121.8412928,ROSENBAUM AV (L),CAPITOL EX,0,0,0,ROSENBAUM AV (L) & CAPITOL EX,25,2650.0,8.0,1180.0,36.0,1,25.0,0,442.0,0.07,61,45,53.0
385,2016-11-01,20,37.279762299999994,-121.67803629999999,VILLAGES PW,SAN FELIPE RD,0,0,0,VILLAGES PW & SAN FELIPE RD,35,2000.0,6.0,9450.0,35.0,0,32.0,0,358.0,0.0,71,48,59.5
386,2013-06-22,4,37.2686473,-121.8080068,SNOW DR,BRANHAM LN EAST,0,0,0,SNOW DR & BRANHAM LN EAST,25,6050.0,8.0,1600.0,25.0,0,21.0,0,359.0,0.0,83,57,70.0
387,2016-03-03,1,37.2664115,-121.81000149999998,BATTLE DANCE DR,ROEDER RD,0,0,0,BATTLE DANCE DR & ROEDER RD,25,1065.0,1.0,1250.0,27.0,0,23.0,0,360.0,0.15,63,47,55.0
388,2017-11-10,6,37.26192100000001,-121.921139,HILLSDALE AV,CAMDEN AV,0,0,0,HILLSDALE AV & CAMDEN AV,40,2350.0,20.0,19700.0,41.5,0,37.5,0,361.0,0.13,66,49,57.5
389,2017-03-27,11,37.3772718,-121.91315039999999,ZANKER RD,BROKAW RD,0,0,0,ZANKER RD & BROKAW RD,45,17800.0,48.0,12800.0,46.5,0,41.5,0,363.0,0.05,69,47,58.0
390,2017-03-27,8,37.280254799999994,-121.8366895,CAPITOL AV,CAPITOL EX,0,0,0,CAPITOL AV & CAPITOL EX,35,6500.0,66.0,23300.0,39.7,0,35.3,0,371.0,0.05,69,47,58.0
391,2016-07-21,0,37.32605059999999,-121.82036950000001,QUIMBY RD,TULLY RD,0,0,0,QUIMBY RD & TULLY RD,35,4082.0,80.0,17100.0,39.5,0,35.5,0,364.0,0.0,81,59,70.0
392,2014-08-24,14,37.250276,-121.77073190000002,HELLYER AV,SILICON VALLEY BL,0,0,0,HELLYER AV & SILICON VALLEY BL,45,7000.0,13.0,4700.0,48.5,0,43.5,0,365.0,0.0,82,58,70.0
393,2016-01-25,18,37.43105980000001,-121.96461140000001,SPRECKLES AV,GRAND BL,0,0,0,SPRECKLES AV & GRAND BL,25,1250.0,0.0,1250.0,29.0,0,25.0,0,367.0,0.09,60,43,51.5
394,2013-05-03,9,37.3128245,-121.8791045,ALMA AV,VINE ST,0,0,0,ALMA AV & VINE ST,30,2000.0,47.0,17000.0,33.0,0,30.0,0,368.0,0.03,74,52,63.0
395,2013-05-03,16,37.357186999999996,-121.90613190000002,FIRST ST,BURTON AV,0,0,0,FIRST ST & BURTON AV,35,6900.0,35.0,19450.0,37.0,0,33.0,0,440.0,0.03,74,52,63.0
396,2015-03-20,9,37.316410499999996,-121.8746835,FIRST ST,ALMA AV,0,0,0,FIRST ST & ALMA AV,35,4845.0,90.0,17150.0,37.3,0,33.7,0,370.0,0.12,69,48,58.5
397,2015-06-22,19,37.39681270000001,-121.8717374,HOSTETTER RD,CAPITOL AV,0,0,0,HOSTETTER RD & CAPITOL AV,35,7300.0,28.0,14300.0,39.5,0,35.5,0,372.0,0.0,83,57,70.0
398,2016-02-10,21,37.2311892,-121.8410527,BLOSSOM AV,COLLEEN DR,0,0,0,BLOSSOM AV & COLLEEN DR,30,2100.0,6.0,1900.0,32.0,0,29.0,0,375.0,0.12,62,44,53.0
399,2015-12-25,6,37.3280854,-121.8817068,THIRD ST,REED ST,0,0,0,THIRD ST & REED ST,30,3100.0,47.0,7300.0,36.0,0,32.0,0,376.0,0.05,57,39,48.0
400,2015-01-13,3,37.357186999999996,-121.90613190000002,FIRST ST,BURTON AV,0,0,0,FIRST ST & BURTON AV,35,6900.0,35.0,19450.0,37.0,0,33.0,0,377.0,0.07,59,41,50.0
401,2017-12-21,16,37.357186999999996,-121.90613190000002,BURTON ST,FIRST ST,0,0,0,BURTON ST & FIRST ST,25,1070.0,0.0,1700.0,26.0,0,22.0,0,378.0,0.16,56,41,48.5
402,2017-12-21,13,37.375670299999996,-121.8212871,FLEMING AV,ALUM ROCK AV,0,0,0,FLEMING AV & ALUM ROCK AV,35,5544.0,9.0,6784.0,40.0,0,35.5,0,458.0,0.16,56,41,48.5
403,2013-12-07,16,37.2664115,-121.81000149999998,BATTLE DANCE DR,ROEDER RD,0,0,0,BATTLE DANCE DR & ROEDER RD,25,1065.0,1.0,1250.0,27.0,0,23.0,0,379.0,0.08,61,44,52.5
404,2013-06-18,8,37.221661299999994,-121.8820644,MERIDIAN AV,CAMDEN AV,0,0,0,MERIDIAN AV & CAMDEN AV,35,8750.0,30.0,10800.0,39.3,0,36.0,0,380.0,0.0,80,56,68.0
405,2014-09-13,20,37.33191070000001,-121.9038604,SANTA CLARA ST,STOCKTON AV,0,0,0,SANTA CLARA ST & STOCKTON AV,30,2250.0,25.0,16950.0,34.0,0,30.0,0,382.0,0.01,81,58,69.5
406,2014-09-13,7,37.33191070000001,-121.9038604,STOCKTON AV,THE ALAMEDA,0,0,0,STOCKTON AV & THE ALAMEDA,30,4200.0,30.0,7700.0,34.5,0,30.5,0,433.0,0.01,81,58,69.5
407,2017-05-05,22,37.341412299999995,-121.8622732,TWENTY-FOURTH ST,WILLIAM ST,0,0,0,TWENTY-FOURTH ST & WILLIAM ST,25,4400.0,42.0,7550.0,29.5,0,26.0,0,383.0,0.03,74,51,62.5
408,2015-04-16,19,37.2082066,-121.8528226,RAJKOVICH WY,GLENVIEW DR,0,0,0,RAJKOVICH WY & GLENVIEW DR,30,1800.0,1.0,1750.0,34.0,0,30.0,0,384.0,0.07,70,49,59.5
409,2016-05-26,11,37.2673117,-121.92231509999998,LEIGH AV,FOXWORTHY AV,0,0,0,LEIGH AV & FOXWORTHY AV,35,5975.0,46.0,13150.0,38.5,0,35.0,0,385.0,0.0,75,54,64.5
410,2017-11-03,2,37.247890500000004,-121.8971351,DENTWOOD DR,DENT AV,0,0,0,DENTWOOD DR & DENT AV,25,855.0,1.0,2550.0,29.0,0,25.0,0,386.0,0.01,71,49,60.0
411,2013-06-09,15,37.2933299,-121.83323020000002,SENTER RD,CAPITOL EX,0,0,0,SENTER RD & CAPITOL EX,40,15150.0,187.0,23450.0,42.8,0,38.5,0,389.0,0.01,79,55,67.0
412,2016-03-15,6,37.43105980000001,-121.96461140000001,SPRECKLES AV,GRAND BL,0,0,0,SPRECKLES AV & GRAND BL,25,1250.0,0.0,1250.0,29.0,0,25.0,0,390.0,0.12,67,46,56.5
413,2017-02-05,7,37.3153742,-121.89085359999999,PREVOST ST,MINNESOTA AV,0,0,0,PREVOST ST & MINNESOTA AV,25,1645.0,2.0,750.0,26.0,0,23.0,0,391.0,0.02,61,44,52.5
414,2017-02-05,7,37.3234954,-121.9238436,SHASTA AV,SAN CARLOS ST,0,0,0,SHASTA AV & SAN CARLOS ST,25,2760.0,5.0,3750.0,29.0,0,28.0,0,446.0,0.02,61,44,52.5
415,2015-11-18,16,37.3354556,-121.9034381,JULIAN ST,MONTGOMERY ST,0,0,0,JULIAN ST & MONTGOMERY ST,30,3100.0,46.0,11200.0,35.0,0,30.0,0,394.0,0.04,64,47,55.5
416,2017-09-27,17,37.3074461,-121.8777888,ALMADEN EX,SAN JOSE AV,0,0,0,ALMADEN EX & SAN JOSE AV,40,2100.0,33.0,20200.0,42.0,0,38.0,0,395.0,0.0,79,57,68.0
417,2017-11-08,8,37.251385299999995,-121.83075840000001,SNELL AV,BLOSSOM HILL RD,0,0,0,SNELL AV & BLOSSOM HILL RD,40,10500.0,97.0,22100.0,44.0,0,40.3,0,396.0,0.09,66,48,57.0
418,2015-11-05,17,37.3003005,-121.8209334,McLAUGHLIN AV,CAPITOL EX,0,0,0,McLAUGHLIN AV & CAPITOL EX,35,19200.0,411.0,22750.0,38.8,0,34.8,0,397.0,0.0,69,48,58.5
419,2014-12-21,23,37.2519135,-121.8075095,POUGHKEEPSIE RD,BLOSSOM HILL RD,0,0,0,POUGHKEEPSIE RD & BLOSSOM HILL RD,35,1100.0,22.0,14800.0,37.0,0,33.0,0,398.0,0.16,56,41,48.5
420,2016-11-17,19,37.29480909999999,-121.78804679999999,YERBA BUENA RD,SILVER CREEK RD,0,0,0,YERBA BUENA RD & SILVER CREEK RD,40,3100.0,14.0,21700.0,44.0,0,41.0,0,400.0,0.14,65,48,56.5
421,2014-10-28,23,37.320182,-121.89770700000001,VIRGINIA ST,BIRD AV,0,0,0,VIRGINIA ST & BIRD AV,25,7260.0,33.0,4400.0,27.3,0,24.0,0,401.0,0.03,71,51,61.0
422,2013-09-28,0,37.2933299,-121.83323020000002,SENTER RD,CAPITOL EX,0,0,0,SENTER RD & CAPITOL EX,40,15150.0,187.0,23450.0,42.8,0,38.5,0,402.0,0.01,79,56,67.5
423,2016-06-02,17,37.307750299999995,-121.91593229999998,ST ELIZABETH ST (L),STOKES ST,0,0,0,ST ELIZABETH ST (L) & STOKES ST,25,2460.0,6.0,2600.0,29.0,1,25.5,0,403.0,0.0,78,56,67.0
424,2014-06-28,8,37.332954799999996,-121.8676652,MARGARET WY (L),FIFTH ST,0,0,0,MARGARET WY (L) & FIFTH ST,25,800.0,12.0,5100.0,34.0,1,25.0,0,404.0,0.0,81,58,69.5
425,2016-06-07,20,37.371815399999996,-121.91974040000001,BROKAW RD,MATRIX BL,0,0,0,BROKAW RD & MATRIX BL,40,8550.0,97.0,40600.0,42.0,0,38.3,0,405.0,0.0,77,55,66.0
426,2016-06-05,4,37.29465330000001,-121.8524962,UMBARGER RD,MONTEREY RD,0,0,0,UMBARGER RD & MONTEREY RD,35,4000.0,12.0,7150.0,38.0,0,34.0,0,406.0,0.01,77,56,66.5
427,2014-07-26,5,37.3047318,-121.90786909999998,CAMINO RAMON (L),MINNESOTA AV,0,0,0,CAMINO RAMON (L) & MINNESOTA AV,25,2600.0,8.0,3500.0,31.0,1,25.0,0,407.0,0.0,83,58,70.5
428,2015-04-23,10,37.2777555,-121.87181499999998,HILLSDALE AV,PEARL AV,0,0,0,HILLSDALE AV & PEARL AV,40,7200.0,32.0,10600.0,42.3,0,38.7,0,408.0,0.06,71,51,61.0
429,2016-03-25,13,37.3866989,-121.86051570000001,BERRYESSA RD,CAPITOL AV,0,0,0,BERRYESSA RD & CAPITOL AV,35,5800.0,27.0,13150.0,39.7,0,35.3,0,412.0,0.09,66,47,56.5
430,2014-03-09,12,37.3315188,-121.83494579999999,KING RD / LUNDY AV,McKEE RD,0,0,0,KING RD / LUNDY AV & McKEE RD,40,6745.0,76.0,15100.0,42.5,0,38.5,0,413.0,0.11,65,46,55.5
431,2015-02-08,13,37.307750299999995,-121.91593229999998,ST ELIZABETH ST (L),STOKES ST,0,0,0,ST ELIZABETH ST (L) & STOKES ST,25,2460.0,6.0,2600.0,29.0,1,25.5,0,414.0,0.13,60,45,52.5
432,2016-09-14,18,37.29480909999999,-121.78804679999999,SILVER CREEK RD,YERBA BUENA RD,0,0,0,SILVER CREEK RD & YERBA BUENA RD,35,3600.0,46.0,22900.0,39.0,0,34.0,0,415.0,0.0,79,58,68.5
433,2016-06-12,23,37.2434173,-121.9312611,UNION AV,LOS GATOS-ALMADEN RD,0,0,0,UNION AV & LOS GATOS-ALMADEN RD,35,2600.0,22.0,20200.0,40.0,0,36.0,0,416.0,0.0,78,54,66.0
434,2013-11-21,23,37.290051899999995,-121.98925940000001,HAMILTON AV,CAMPBELL AV,0,0,0,HAMILTON AV & CAMPBELL AV,35,5650.0,53.0,16550.0,40.0,0,36.0,0,417.0,0.03,62,46,54.0
435,2013-02-23,19,37.241124400000004,-121.901651,CARTER AV,KOOSER RD,0,0,0,CARTER AV & KOOSER RD,30,3600.0,3.0,1900.0,32.0,0,27.0,0,418.0,0.1,63,45,54.0
436,2014-03-25,4,37.2545815,-121.86632409999999,THORNWOOD DR,WINFIELD BL,0,0,0,THORNWOOD DR & WINFIELD BL,35,2300.0,11.0,13300.0,39.0,0,36.0,0,419.0,0.09,66,47,56.5
437,2016-03-04,19,37.2532013,-121.9026889,KIRK RD,BRANHAM LN,0,0,0,KIRK RD & BRANHAM LN,30,5000.0,5.0,2350.0,33.0,0,29.0,0,421.0,0.09,63,46,54.5
438,2014-10-03,22,37.286742499999995,-121.9225854,CAMPBELL AV,LEIGH AV,0,0,0,CAMPBELL AV & LEIGH AV,25,2690.0,5.0,1350.0,31.7,0,27.7,0,422.0,0.0,78,54,66.0
439,2016-10-22,23,37.2803672,-121.91228000000001,CURTNER AV,MERIDIAN AV,0,0,0,CURTNER AV & MERIDIAN AV,35,10250.0,82.0,17700.0,39.0,0,35.3,0,423.0,0.0,73,53,63.0
440,2014-09-14,3,37.3200755,-121.87767109999999,KEYES ST,FIRST ST,0,0,0,KEYES ST & FIRST ST,35,4100.0,103.0,16000.0,36.5,0,32.0,0,424.0,0.0,79,58,68.5
441,2014-07-18,2,37.3359996,-121.87753570000001,SAN CARLOS ST,TENTH ST,0,0,0,SAN CARLOS ST & TENTH ST,25,2260.0,10.0,2700.0,27.5,0,23.5,0,425.0,0.0,83,59,71.0
442,2015-08-18,21,37.3319383,-121.93461129999999,HEDDING ST,BASCOM AV,0,0,0,HEDDING ST & BASCOM AV,35,4600.0,23.0,7000.0,38.5,0,35.0,0,426.0,0.0,80,58,69.0
443,2016-08-26,2,37.3310375,-121.8344692,OCALA AV,KING RD,0,0,0,OCALA AV & KING RD,35,5400.0,38.0,11050.0,39.3,0,34.7,0,427.0,0.0,82,58,70.0
444,2013-06-11,5,37.31865450000001,-121.8653994,TENTH ST,HUMBOLDT ST,0,0,0,TENTH ST & HUMBOLDT ST,35,3000.0,28.0,11000.0,42.0,0,37.0,0,428.0,0.0,77,55,66.0
445,2014-11-16,15,37.23559059999999,-121.87097299999999,CROSS SPRINGS DR (L),WINFIELD BL,0,0,0,CROSS SPRINGS DR (L) & WINFIELD BL,30,1000.0,0.0,1210.0,37.0,1,30.0,0,429.0,0.04,65,48,56.5
446,2015-03-25,13,37.323068400000004,-122.00338799999999,STEVENS CREEK BL,STERN AV,0,0,0,STEVENS CREEK BL & STERN AV,40,9750.0,86.0,28200.0,41.0,0,36.7,0,430.0,0.09,66,47,56.5
447,2016-03-24,1,37.341500200000006,-121.8060084,WHITE RD,CUNNINGHAM AV,0,0,0,WHITE RD & CUNNINGHAM AV,35,21367.0,165.0,20950.0,39.5,0,36.0,0,431.0,0.11,66,47,56.5
448,2015-10-08,19,37.3621808,-121.85483159999998,EDUCATIONAL PARK DR,McKEE RD,0,0,0,EDUCATIONAL PARK DR & McKEE RD,30,4000.0,8.0,4800.0,32.0,0,28.5,0,432.0,0.0,78,54,66.0
449,2014-03-06,13,37.4129152,-121.9416344,BAYPOINTE PW,BAYPOINTE DR,0,0,0,BAYPOINTE PW & BAYPOINTE DR,35,2950.0,6.0,3300.0,37.0,0,32.5,0,434.0,0.11,65,46,55.5
450,2017-12-16,8,37.276096100000004,-121.9942923,McCOY AV,QUITO RD,0,0,0,McCOY AV & QUITO RD,30,4240.0,2.0,3600.0,31.7,0,28.0,0,436.0,0.05,59,41,50.0
451,2013-09-08,11,37.2939492,-122.03219720000001,PROSPECT RD,DE ANZA BL,0,0,0,PROSPECT RD & DE ANZA BL,40,11650.0,32.0,16250.0,40.5,0,37.5,0,437.0,0.01,83,57,70.0
452,2014-07-22,21,37.2944271,-121.93179450000001,BASCOM AV,HAMILTON AV,0,0,0,BASCOM AV & HAMILTON AV,35,6000.0,52.0,22150.0,39.0,0,35.5,0,438.0,0.0,81,59,70.0
453,2014-07-22,10,37.2503878,-121.852925,BLOSSOM HILL RD,PLAYA DEL REY,0,0,0,BLOSSOM HILL RD & PLAYA DEL REY,40,6400.0,87.0,34600.0,43.0,0,39.0,0,479.0,0.0,81,59,70.0
454,2013-08-21,9,37.371815399999996,-121.91974040000001,BROKAW RD,MATRIX BL,0,0,0,BROKAW RD & MATRIX BL,40,8550.0,97.0,40600.0,42.0,0,38.3,0,439.0,0.0,80,57,68.5
455,2013-05-14,2,37.349545,-121.90413600000001,SAN PEDRO ST,MISSION ST,0,0,0,SAN PEDRO ST & MISSION ST,25,1930.0,7.0,6900.0,28.0,0,24.5,0,441.0,0.0,75,52,63.5
456,2015-03-19,17,37.3415549,-121.8917494,JULIAN ST,THIRD ST,0,0,0,JULIAN ST & THIRD ST,25,6800.0,83.0,7650.0,30.5,0,26.5,0,445.0,0.04,69,49,59.0
457,2017-08-22,19,37.3038809,-121.9136428,WILLOW ST,MERIDIAN AV,0,0,0,WILLOW ST & MERIDIAN AV,30,4070.0,12.0,8150.0,33.0,0,29.0,0,448.0,0.0,82,58,70.0
458,2014-11-05,11,37.2563908,-121.8175886,HAYES AV,LEAN AV,0,0,0,HAYES AV & LEAN AV,30,4020.0,7.0,3050.0,36.0,0,31.5,0,449.0,0.0,69,48,58.5
459,2016-02-02,2,37.391173200000004,-121.86550359999998,SIERRA RD,CAPITOL  AV,0,0,0,SIERRA RD & CAPITOL  AV,35,6150.0,30.0,8400.0,38.5,0,35.0,0,450.0,0.12,61,44,52.5
460,2017-05-19,13,37.361619399999995,-121.8836519,MABURY RD,BAYSHORE FW,0,0,0,MABURY RD & BAYSHORE FW,35,3040.0,12.0,18600.0,38.0,0,35.0,0,451.0,0.01,76,53,64.5
461,2017-08-03,11,37.2148343,-121.867204,HAMPTON DR,BOSE LN,0,0,0,HAMPTON DR & BOSE LN,25,4630.0,1.0,1400.0,29.0,0,28.0,0,452.0,0.0,83,59,71.0
462,2017-11-02,23,37.300934600000005,-121.91363020000001,MERIDIAN AV,MINNESOTA AV,0,0,0,MERIDIAN AV & MINNESOTA AV,35,8400.0,107.0,29250.0,38.0,0,34.5,0,453.0,0.01,70,48,59.0
463,2014-11-18,10,37.371498200000005,-121.89520879999999,GISH RD,I-880,0,0,0,GISH RD & I-880,30,2300.0,13.0,10200.0,34.0,0,30.5,0,454.0,0.04,64,47,55.5
464,2013-01-12,6,37.3247002,-121.91351909999999,PASO LOS CERRITOS (L),MERIDIAN AV,0,0,0,PASO LOS CERRITOS (L) & MERIDIAN AV,25,3525.0,2.0,780.0,33.0,1,25.0,0,455.0,0.09,58,41,49.5
465,2015-12-20,22,37.309056299999995,-121.9499772,WILLIAMS RD,WINCHESTER BL,0,0,0,WILLIAMS RD & WINCHESTER BL,25,2430.0,2.0,1450.0,28.5,0,24.0,0,456.0,0.1,57,41,49.0
466,2015-04-09,2,37.3550112,-121.8877608,TAYLOR ST,THIRTEENTH ST,0,0,0,TAYLOR ST & THIRTEENTH ST,30,3800.0,35.0,10900.0,33.5,0,29.5,0,457.0,0.02,70,47,58.5
467,2015-05-03,17,37.2939492,-122.03219720000001,DE ANZA BL,PROSPECT  RD,0,0,0,DE ANZA BL & PROSPECT  RD,40,6650.0,39.0,37450.0,42.0,0,38.3,0,459.0,0.03,74,52,63.0
468,2017-02-10,18,37.325727799999996,-121.86556999999999,STORY RD,SENTER RD,0,0,0,STORY RD & SENTER RD,40,6200.0,182.0,34000.0,42.0,0,37.5,0,460.0,0.12,62,44,53.0
469,2013-10-26,23,37.365241,-121.85001399999999,JACKSON AV,McKEE RD,0,0,0,JACKSON AV & McKEE RD,35,7530.0,49.0,15150.0,38.5,0,35.0,0,461.0,0.1,73,51,62.0
470,2015-02-14,16,37.2583331,-121.8627906,PEARL AV,CHYNOWETH AV,0,0,0,PEARL AV & CHYNOWETH AV,35,7560.0,62.0,11950.0,39.3,0,35.7,0,462.0,0.22,63,45,54.0
471,2016-04-21,12,37.221661299999994,-121.8820644,MERIDIAN AV,CAMDEN AV,0,0,0,MERIDIAN AV & CAMDEN AV,35,8750.0,30.0,10800.0,39.3,0,36.0,0,463.0,0.04,72,51,61.5
472,2015-09-15,3,37.251385299999995,-121.83075840000001,SNELL AV,BLOSSOM HILL RD,0,0,0,SNELL AV & BLOSSOM HILL RD,40,10500.0,97.0,22100.0,44.0,0,40.3,0,465.0,0.0,78,57,67.5
473,2013-01-21,6,37.3398608,-121.89530309999999,COLEMAN AV,JULIAN ST,0,0,0,COLEMAN AV & JULIAN ST,40,5100.0,16.0,21700.0,41.0,0,37.0,0,466.0,0.07,59,42,50.5
474,2014-07-21,18,37.317801200000005,-121.8248426,ALVIN AV,FLANIGAN DR,0,0,0,ALVIN AV & FLANIGAN DR,30,1550.0,26.0,6850.0,31.0,0,27.0,0,468.0,0.0,81,59,70.0
475,2013-05-04,19,37.361957000000004,-121.885939,BAYSHORE ROAD WEST,HEDDING ST,0,0,0,BAYSHORE ROAD WEST & HEDDING ST,30,1580.0,1.0,3900.0,32.0,0,29.0,0,469.0,0.02,74,52,63.0
476,2016-10-15,14,37.4129152,-121.9416344,BAYPOINTE PW,BAYPOINTE DR,0,0,0,BAYPOINTE PW & BAYPOINTE DR,35,2950.0,6.0,3300.0,37.0,0,32.5,0,472.0,0.02,75,52,63.5
477,2014-04-18,19,37.2182497,-121.8783639,McABEE RD,LEYLAND PARK DR,0,0,0,McABEE RD & LEYLAND PARK DR,25,1550.0,1.0,3100.0,29.0,0,27.0,0,473.0,0.05,70,49,59.5
478,2015-10-23,8,37.294434700000004,-121.92273059999998,LEIGH AV,HAMILTON AV,0,0,0,LEIGH AV & HAMILTON AV,35,8250.0,72.0,9950.0,40.0,0,36.0,0,474.0,0.05,73,53,63.0
479,2015-10-23,19,37.39681270000001,-121.8717374,HOSTETTER RD,CAPITOL AV,0,0,0,HOSTETTER RD & CAPITOL AV,35,7300.0,28.0,14300.0,39.5,0,35.5,0,488.0,0.05,73,53,63.0
480,2014-09-15,3,37.2015967,-121.828617,HARRY RD,McKEAN RD,0,0,0,HARRY RD & McKEAN RD,35,2800.0,2.0,2900.0,39.0,0,35.0,0,476.0,0.0,78,57,67.5
481,2015-10-15,3,37.251385299999995,-121.83075840000001,SNELL AV,BLOSSOM HILL RD,0,0,0,SNELL AV & BLOSSOM HILL RD,40,10500.0,97.0,22100.0,44.0,0,40.3,0,477.0,0.02,75,52,63.5
482,2015-06-02,0,37.339710100000005,-121.88990659999999,THIRD ST,JULIAN ST,0,0,0,THIRD ST & JULIAN ST,30,3600.0,26.0,3100.0,31.0,0,28.7,0,478.0,0.0,78,56,67.0
483,2016-04-17,19,37.3415549,-121.8917494,JULIAN ST,THIRD ST,0,0,0,JULIAN ST & THIRD ST,25,6800.0,83.0,7650.0,30.5,0,26.5,0,480.0,0.05,68,50,59.0
484,2015-12-02,20,37.2513968,-121.81750359999998,LEAN AV,BLOSSOM HILL RD,0,0,0,LEAN AV & BLOSSOM HILL RD,35,2800.0,19.0,6450.0,38.0,0,34.0,0,481.0,0.08,61,43,52.0
485,2013-12-21,2,37.2770363,-121.85543290000001,COPPERFIELD DR (L),CAPITOL EX,0,0,0,COPPERFIELD DR (L) & CAPITOL EX,25,1000.0,3.0,3950.0,31.0,1,27.0,0,482.0,0.16,56,41,48.5
486,2016-05-08,16,37.22522319999999,-121.79105990000002,SAN IGNACIO AV,HEATON MOOR DR,0,0,0,SAN IGNACIO AV & HEATON MOOR DR,25,3362.0,4.0,2550.0,29.0,0,26.0,0,483.0,0.01,74,52,63.0
487,2014-06-18,5,37.31592550000001,-121.97604009999998,MOORPARK AV,SARATOGA AV,0,0,0,MOORPARK AV & SARATOGA AV,40,7500.0,32.0,13550.0,44.5,0,41.5,0,484.0,0.0,80,56,68.0
488,2016-07-10,3,37.2806583,-121.9943111,QUITO RD,COX AV,0,0,0,QUITO RD & COX AV,35,3200.0,26.0,16720.0,39.0,0,34.0,0,485.0,0.0,83,58,70.5
489,2013-01-01,4,37.359163,-121.90342890000001,FOURTH ST,COMMERCIAL ST,0,0,0,FOURTH ST & COMMERCIAL ST,40,4450.0,12.0,6150.0,42.0,0,36.0,0,489.0,0.15,58,42,50.0
490,2015-11-01,1,37.3311167,-121.8128209,TULLY RD,CAPITOL EX,0,0,0,TULLY RD & CAPITOL EX,40,4100.0,47.0,27400.0,44.0,0,40.0,0,490.0,0.0,71,48,59.5
491,2014-07-05,16,37.281246100000004,-121.7587554,FARNSWORTH DR,SAN FELIPE RD,0,0,0,FARNSWORTH DR & SAN FELIPE RD,35,5200.0,4.0,9250.0,39.0,0,35.5,0,491.0,0.0,82,57,69.5
492,2013-05-22,15,37.3732245,-121.90771950000001,JUNCTION AV,ROGERS AV,0,0,0,JUNCTION AV & ROGERS AV,30,1150.0,1.0,2800.0,34.0,0,30.0,0,492.0,0.0,77,53,65.0
493,2014-08-17,19,37.3696737,-121.90957220000001,ZANKER RD,OLD BAYSHORE HW,0,0,0,ZANKER RD & OLD BAYSHORE HW,40,2900.0,11.0,12650.0,41.0,0,37.0,0,493.0,0.0,82,58,70.0
494,2013-01-03,19,37.274337100000004,-121.86039129999999,NARVAEZ AV,CAPITOL EX,0,0,0,NARVAEZ AV & CAPITOL EX,35,2300.0,28.0,12100.0,39.0,0,35.0,0,494.0,0.06,58,41,49.5
495,2015-11-15,23,37.276974100000004,-121.8420548,SNELL AV,CAPITOL EX,0,0,0,SNELL AV & CAPITOL EX,40,2350.0,18.0,13750.0,43.0,0,39.0,0,495.0,0.04,65,46,55.5
496,2015-06-04,18,37.3088383,-121.9545646,EDEN AV,WILLIAMS RD,0,0,0,EDEN AV & WILLIAMS RD,25,2550.0,8.0,2700.0,34.0,0,25.0,0,496.0,0.01,77,55,66.0
497,2017-12-05,12,37.317302500000004,-121.9500432,TISCH WY,WINCHESTER BL,0,0,0,TISCH WY & WINCHESTER BL,35,1990.0,9.0,6100.0,37.0,0,34.0,0,497.0,0.06,60,44,52.0
498,2016-01-05,23,37.279604799999994,-121.8234115,COYOTE RD,SENTER RD,0,0,0,COYOTE RD & SENTER RD,30,4700.0,23.0,3100.0,32.0,0,28.0,0,498.0,0.07,57,42,49.5
